ISO-10303-21;
HEADER;
/* Generated by software containing ST-Developer
 * from STEP Tools, Inc. (www.steptools.com) 
 */

FILE_DESCRIPTION(
/* description */ (''),
/* implementation_level */ '2;1');

FILE_NAME(
/* name */ 'Snakes And Ladders Player Final.step',
/* time_stamp */ '2026-09-26T03:40:47+05:30',
/* author */ (''),
/* organization */ (''),
/* preprocessor_version */ 'ST-DEVELOPER v20.2',
/* originating_system */ 'Autodesk Translation Framework v15.15.0.0',
/* authorisation */ '');

FILE_SCHEMA (('AUTOMOTIVE_DESIGN { 1 0 10303 214 3 1 1 }'));
ENDSEC;

DATA;
#10=MECHANICAL_DESIGN_GEOMETRIC_PRESENTATION_REPRESENTATION('',(#21,#22,
#23,#24,#25,#26,#27,#28,#29,#30,#31,#32,#33,#34,#35),#4351);
#11=SHAPE_REPRESENTATION_RELATIONSHIP('SRR','None',#4358,#12);
#12=ADVANCED_BREP_SHAPE_REPRESENTATION('',(#36,#37,#38,#39,#40,#41,#42,
#43,#44,#45),#4350);
#13=B_SPLINE_CURVE_WITH_KNOTS('',3,(#3543,#3544,#3545,#3546,#3547,#3548,
#3549,#3550,#3551,#3552,#3553,#3554,#3555,#3556,#3557,#3558,#3559,#3560,
#3561,#3562,#3563,#3564,#3565,#3566,#3567,#3568,#3569,#3570,#3571,#3572,
#3573,#3574,#3575,#3576,#3577,#3578,#3579,#3580,#3581,#3582,#3583,#3584,
#3585,#3586,#3587,#3588,#3589,#3590,#3591,#3592,#3593,#3594,#3595,#3596,
#3597,#3598,#3599,#3600,#3601,#3602,#3603,#3604,#3605,#3606,#3607,#3608,
#3609,#3610,#3611,#3612,#3613,#3614,#3615,#3616,#3617,#3618,#3619,#3620,
#3621,#3622,#3623,#3624,#3625,#3626,#3627,#3628,#3629,#3630,#3631,#3632,
#3633,#3634,#3635,#3636,#3637,#3638,#3639,#3640,#3641,#3642,#3643,#3644,
#3645,#3646,#3647,#3648,#3649,#3650,#3651,#3652,#3653,#3654,#3655,#3656,
#3657,#3658,#3659,#3660,#3661,#3662,#3663,#3664,#3665,#3666,#3667,#3668,
#3669,#3670,#3671,#3672,#3673,#3674,#3675,#3676,#3677,#3678,#3679,#3680,
#3681,#3682,#3683,#3684,#3685,#3686,#3687,#3688,#3689,#3690,#3691,#3692,
#3693,#3694,#3695,#3696,#3697,#3698,#3699,#3700,#3701,#3702,#3703,#3704,
#3705,#3706,#3707,#3708,#3709,#3710,#3711,#3712,#3713,#3714,#3715,#3716,
#3717,#3718,#3719,#3720,#3721,#3722,#3723,#3724,#3725,#3726,#3727,#3728,
#3729,#3730,#3731,#3732,#3733,#3734,#3735,#3736,#3737,#3738,#3739,#3740,
#3741,#3742,#3743,#3744,#3745,#3746,#3747),.UNSPECIFIED.,.F.,.F.,(4,3,3,
3,3,3,3,3,3,3,3,3,3,3,3,3,3,3,3,3,3,3,3,3,3,3,3,3,3,3,3,3,3,3,3,3,3,3,3,
3,3,3,3,3,3,3,3,3,3,3,3,3,3,3,3,3,3,3,3,3,3,3,3,3,3,3,3,3,4),(0.,0.03125,
0.0538106487803815,0.0746029211079631,0.0943788606802363,0.112967332167502,
0.13036615506813,0.146951779825042,0.163361308451999,0.179932977873398,
0.196641120555583,0.212358977465558,0.226816197973098,0.240454119704441,
0.253748015700641,0.273893804645666,0.286669878277265,0.298050246567963,
0.30934993662949,0.320993462709045,0.333056259958559,0.345647224312374,
0.358971100740445,0.373430960565885,0.389986217902904,0.41471941436857,
0.433443811136584,0.451148692038566,0.465210162280477,0.477491668810974,
0.488852165229692,0.499662011491967,0.51125493988166,0.526858243651503,
0.5403457594055,0.5512508236827,0.562002629420705,0.57301618281488,0.584334465767379,
0.596015326515923,0.608693426715371,0.622707939922069,0.638751849757063,
0.661329859147246,0.676961674840255,0.691111139183083,0.70414661061417,
0.715880405979022,0.726798390705209,0.737159361322512,0.747119626569766,
0.757309568877845,0.768611437098171,0.782762103622816,0.79633947214639,
0.807944982202929,0.820004116533876,0.832460322818418,0.84540317797512,
0.858920736196718,0.873118457244823,0.88897865008922,0.906537188192901,
0.926483642798502,0.944862732098877,0.960587069568224,0.975333535363687,
0.989040059801065,1.),.UNSPECIFIED.);
#14=B_SPLINE_CURVE_WITH_KNOTS('',3,(#3751,#3752,#3753,#3754,#3755,#3756,
#3757,#3758,#3759,#3760,#3761,#3762,#3763,#3764,#3765,#3766,#3767,#3768,
#3769,#3770,#3771,#3772,#3773,#3774,#3775,#3776,#3777,#3778,#3779,#3780,
#3781,#3782,#3783,#3784,#3785,#3786,#3787,#3788,#3789,#3790,#3791,#3792,
#3793,#3794,#3795,#3796,#3797,#3798,#3799,#3800,#3801,#3802,#3803,#3804,
#3805,#3806,#3807,#3808,#3809,#3810,#3811,#3812,#3813,#3814,#3815,#3816,
#3817,#3818,#3819,#3820,#3821,#3822,#3823,#3824,#3825,#3826,#3827,#3828,
#3829,#3830,#3831,#3832,#3833,#3834,#3835,#3836,#3837,#3838,#3839,#3840,
#3841,#3842,#3843,#3844,#3845,#3846,#3847,#3848,#3849,#3850,#3851,#3852,
#3853,#3854,#3855,#3856,#3857,#3858,#3859,#3860,#3861,#3862,#3863,#3864,
#3865,#3866,#3867,#3868,#3869,#3870,#3871,#3872,#3873,#3874,#3875,#3876,
#3877,#3878,#3879,#3880,#3881,#3882,#3883,#3884,#3885,#3886,#3887,#3888,
#3889,#3890,#3891,#3892,#3893,#3894,#3895,#3896,#3897,#3898,#3899,#3900,
#3901,#3902,#3903,#3904,#3905,#3906,#3907,#3908,#3909,#3910,#3911,#3912,
#3913,#3914,#3915,#3916,#3917,#3918,#3919,#3920,#3921,#3922,#3923,#3924,
#3925,#3926,#3927,#3928,#3929,#3930,#3931,#3932,#3933,#3934,#3935,#3936,
#3937,#3938,#3939,#3940,#3941,#3942,#3943,#3944,#3945,#3946,#3947,#3948,
#3949,#3950,#3951,#3952,#3953,#3954,#3955),.UNSPECIFIED.,.F.,.F.,(4,3,3,
3,3,3,3,3,3,3,3,3,3,3,3,3,3,3,3,3,3,3,3,3,3,3,3,3,3,3,3,3,3,3,3,3,3,3,3,
3,3,3,3,3,3,3,3,3,3,3,3,3,3,3,3,3,3,3,3,3,3,3,3,3,3,3,3,3,4),(-1.,-0.986514752750204,
-0.972318175403922,-0.956445096508354,-0.938618663504231,-0.918399881258808,
-0.900661752455238,-0.885047435544491,-0.870632106964495,-0.857020592661787,
-0.843629645901447,-0.830447932684236,-0.818255004782441,-0.806445179148262,
-0.794728428492815,-0.779430455087341,-0.767251854226601,-0.756432331932248,
-0.746521652066747,-0.736394621032658,-0.725804230808329,-0.714161039785842,
-0.701385590258224,-0.687485212228262,-0.672408879466949,-0.655127151927094,
-0.634654428429372,-0.620044760449822,-0.607218533217296,-0.595260616658862,
-0.583745275313139,-0.572574491923755,-0.561693919516566,-0.550991307049993,
-0.539429962491522,-0.524837171491654,-0.510882314533192,-0.499868550728654,
-0.488878829981316,-0.477222004837205,-0.464559835754032,-0.449868089747184,
-0.431553832919083,-0.409636953109003,-0.38845123347021,-0.373085768598183,
-0.359336411298346,-0.346500045843068,-0.334268848478517,-0.322498556178043,
-0.311100351530333,-0.299875636608585,-0.287864086287814,-0.273561346579167,
-0.25646376241797,-0.2430546054612,-0.229239934546219,-0.214047403216527,
-0.197629127514264,-0.180965395679103,-0.164463226126715,-0.148093015519714,
-0.131304568817941,-0.11317052161087,-0.0939261731228959,-0.0738334817271426,
-0.0521600259649815,-0.0284116097085499,0.),.UNSPECIFIED.);
#15=B_SPLINE_CURVE_WITH_KNOTS('',3,(#4014,#4015,#4016,#4017,#4018,#4019,
#4020,#4021,#4022,#4023,#4024,#4025,#4026,#4027,#4028,#4029,#4030,#4031,
#4032,#4033,#4034,#4035,#4036,#4037,#4038,#4039,#4040,#4041,#4042,#4043,
#4044,#4045,#4046,#4047,#4048,#4049,#4050,#4051,#4052,#4053,#4054,#4055,
#4056,#4057,#4058,#4059,#4060,#4061,#4062,#4063,#4064,#4065,#4066,#4067,
#4068,#4069,#4070,#4071,#4072,#4073,#4074,#4075,#4076,#4077,#4078,#4079,
#4080,#4081,#4082,#4083,#4084,#4085,#4086,#4087,#4088,#4089,#4090,#4091,
#4092,#4093,#4094,#4095,#4096,#4097,#4098,#4099,#4100,#4101,#4102,#4103,
#4104,#4105,#4106,#4107,#4108,#4109,#4110,#4111,#4112,#4113,#4114,#4115,
#4116,#4117,#4118,#4119,#4120,#4121,#4122,#4123,#4124,#4125,#4126,#4127,
#4128,#4129,#4130,#4131,#4132,#4133,#4134,#4135,#4136,#4137,#4138,#4139,
#4140,#4141,#4142,#4143,#4144,#4145,#4146,#4147,#4148,#4149,#4150,#4151,
#4152,#4153,#4154,#4155,#4156,#4157,#4158,#4159,#4160,#4161,#4162,#4163,
#4164,#4165,#4166,#4167,#4168,#4169,#4170,#4171,#4172,#4173),
 .UNSPECIFIED.,.F.,.F.,(4,3,3,3,3,3,3,3,3,3,3,3,3,3,3,3,3,3,3,3,3,3,3,3,
3,3,3,3,3,3,3,3,3,3,3,3,3,3,3,3,3,3,3,3,3,3,3,3,3,3,3,3,3,4),(0.,0.0289933405515292,
0.0632190464925491,0.092493451289657,0.11670572777739,0.138940180097556,
0.159871920774484,0.179774525287076,0.198889461683134,0.217393334599734,
0.235399023690598,0.252966365755828,0.270040243338461,0.286665406702785,
0.302968454461231,0.319631047701936,0.336952998716484,0.355135402331243,
0.374782693263722,0.397473852766504,0.428168529380483,0.450319063112309,
0.469737833527678,0.48767307136333,0.504667730133839,0.521026008332156,
0.536877640346775,0.552255694958186,0.56711887055519,0.581536026752439,
0.595592363075356,0.60950841618793,0.623427568042636,0.637352784976898,
0.651351464980686,0.66588328715613,0.681302157355706,0.698059582936727,
0.7170129630081,0.7419838007986,0.762785110607939,0.780077927661754,0.795907094785638,
0.811418169055324,0.827191782486856,0.843267005530995,0.859712640816456,
0.877248560714399,0.895284675032733,0.914163371403326,0.934093852554751,
0.95653960827231,0.983411583353934,1.),.UNSPECIFIED.);
#16=B_SPLINE_CURVE_WITH_KNOTS('',3,(#4175,#4176,#4177,#4178,#4179,#4180,
#4181,#4182,#4183,#4184,#4185,#4186,#4187,#4188,#4189,#4190,#4191,#4192,
#4193,#4194,#4195,#4196,#4197,#4198,#4199,#4200,#4201,#4202,#4203,#4204,
#4205,#4206,#4207,#4208,#4209,#4210,#4211,#4212,#4213,#4214,#4215,#4216,
#4217,#4218,#4219,#4220,#4221,#4222,#4223,#4224,#4225,#4226,#4227,#4228,
#4229,#4230,#4231,#4232,#4233,#4234,#4235,#4236,#4237,#4238,#4239,#4240,
#4241,#4242,#4243,#4244,#4245,#4246,#4247,#4248,#4249,#4250,#4251,#4252,
#4253,#4254,#4255,#4256,#4257,#4258,#4259,#4260,#4261,#4262,#4263,#4264,
#4265,#4266,#4267,#4268,#4269,#4270,#4271,#4272,#4273,#4274,#4275,#4276,
#4277,#4278,#4279,#4280,#4281,#4282,#4283,#4284,#4285,#4286,#4287,#4288,
#4289,#4290,#4291,#4292,#4293,#4294,#4295,#4296,#4297,#4298,#4299,#4300,
#4301,#4302,#4303,#4304,#4305,#4306,#4307,#4308,#4309,#4310,#4311,#4312,
#4313,#4314,#4315,#4316,#4317,#4318,#4319,#4320,#4321,#4322,#4323,#4324,
#4325,#4326,#4327,#4328,#4329,#4330,#4331,#4332,#4333,#4334),
 .UNSPECIFIED.,.F.,.F.,(4,3,3,3,3,3,3,3,3,3,3,3,3,3,3,3,3,3,3,3,3,3,3,3,
3,3,3,3,3,3,3,3,3,3,3,3,3,3,3,3,3,3,3,3,3,3,3,3,3,3,3,3,3,4),(-1.,-0.96875,
-0.94587175366812,-0.925461477111111,-0.906432897363945,-0.888412112262426,
-0.871196058630285,-0.854604502531224,-0.838457855132296,-0.822642081372767,
-0.807115665255936,-0.791338488959056,-0.774202119093727,-0.754398953061369,
-0.729317754955393,-0.708614262094774,-0.691119552495623,-0.675393577723546,
-0.660716910280131,-0.646689859319126,-0.632764019176667,-0.618844341607404,
-0.604930851101093,-0.59090337621786,-0.576515486082297,-0.561694146717068,
-0.546356054720105,-0.530557944827303,-0.51397800905145,-0.496710206404932,
-0.478425832891487,-0.458599734445829,-0.436132383029107,-0.40651571866172,
-0.381108486245363,-0.361070712209908,-0.342730786907068,-0.325330036838454,
-0.308619459679679,-0.292332711997684,-0.27575103359032,-0.258502364533571,
-0.240813518443391,-0.2227078109156,-0.204126185363035,-0.184966713109117,
-0.165082207302974,-0.143714873386957,-0.121146946662055,-0.0968662487494839,
-0.0693042055032878,-0.0345631565021325,-0.00542896586948676,0.),
 .UNSPECIFIED.);
#17=(
BOUNDED_SURFACE()
B_SPLINE_SURFACE(5,1,((#3491,#3492),(#3493,#3494),(#3495,#3496),(#3497,
#3498),(#3499,#3500),(#3501,#3502),(#3503,#3504),(#3505,#3506),(#3507,#3508),
(#3509,#3510),(#3511,#3512),(#3513,#3514),(#3515,#3516),(#3517,#3518),(#3519,
#3520),(#3521,#3522),(#3523,#3524),(#3525,#3526),(#3527,#3528),(#3529,#3530),
(#3531,#3532),(#3533,#3534),(#3535,#3536),(#3537,#3538),(#3539,#3540)),
 .UNSPECIFIED.,.F.,.F.,.F.)
B_SPLINE_SURFACE_WITH_KNOTS((6,1,1,1,1,1,1,1,1,1,1,1,1,1,1,1,1,1,1,1,6),
(2,2),(-1.,-0.95,-0.9,-0.85,-0.8,-0.75,-0.7,-0.65,-0.6,-0.55,-0.5,-0.45,
-0.4,-0.35,-0.3,-0.25,-0.2,-0.15,-0.1,-0.05,0.),(0.,0.6),.UNSPECIFIED.)
GEOMETRIC_REPRESENTATION_ITEM()
RATIONAL_B_SPLINE_SURFACE(((1.,1.),(1.,1.),(1.,1.),(1.,1.),(1.,1.),(1.,
1.),(1.,1.),(1.,1.),(1.,1.),(1.,1.),(1.,1.),(1.,1.),(1.,1.),(1.,1.),(1.,
1.),(1.,1.),(1.,1.),(1.,1.),(1.,1.),(1.,1.),(1.,1.),(1.,1.),(1.,1.),(1.,
1.),(1.,1.)))
REPRESENTATION_ITEM('')
SURFACE()
);
#18=(
BOUNDED_SURFACE()
B_SPLINE_SURFACE(5,1,((#3963,#3964),(#3965,#3966),(#3967,#3968),(#3969,
#3970),(#3971,#3972),(#3973,#3974),(#3975,#3976),(#3977,#3978),(#3979,#3980),
(#3981,#3982),(#3983,#3984),(#3985,#3986),(#3987,#3988),(#3989,#3990),(#3991,
#3992),(#3993,#3994),(#3995,#3996),(#3997,#3998),(#3999,#4000),(#4001,#4002),
(#4003,#4004),(#4005,#4006),(#4007,#4008),(#4009,#4010),(#4011,#4012)),
 .UNSPECIFIED.,.F.,.F.,.F.)
B_SPLINE_SURFACE_WITH_KNOTS((6,1,1,1,1,1,1,1,1,1,1,1,1,1,1,1,1,1,1,1,6),
(2,2),(-1.,-0.95,-0.9,-0.85,-0.8,-0.75,-0.7,-0.65,-0.6,-0.55,-0.5,-0.45,
-0.4,-0.35,-0.3,-0.25,-0.2,-0.15,-0.1,-0.05,0.),(0.,0.6),.UNSPECIFIED.)
GEOMETRIC_REPRESENTATION_ITEM()
RATIONAL_B_SPLINE_SURFACE(((1.,1.),(1.,1.),(1.,1.),(1.,1.),(1.,1.),(1.,
1.),(1.,1.),(1.,1.),(1.,1.),(1.,1.),(1.,1.),(1.,1.),(1.,1.),(1.,1.),(1.,
1.),(1.,1.),(1.,1.),(1.,1.),(1.,1.),(1.,1.),(1.,1.),(1.,1.),(1.,1.),(1.,
1.),(1.,1.)))
REPRESENTATION_ITEM('')
SURFACE()
);
#19=OPEN_SHELL('',(#2131,#2132,#2133,#2134,#2135));
#20=SHELL_BASED_SURFACE_MODEL('Body22',(#19));
#21=STYLED_ITEM('',(#4368),#36);
#22=STYLED_ITEM('',(#4369),#37);
#23=STYLED_ITEM('',(#4368),#38);
#24=STYLED_ITEM('',(#4369),#39);
#25=STYLED_ITEM('',(#4369),#2089);
#26=STYLED_ITEM('',(#4367),#40);
#27=STYLED_ITEM('',(#4368),#2096);
#28=STYLED_ITEM('',(#4369),#2103);
#29=STYLED_ITEM('',(#4368),#41);
#30=STYLED_ITEM('',(#4369),#42);
#31=STYLED_ITEM('',(#4369),#2121);
#32=STYLED_ITEM('',(#4368),#43);
#33=STYLED_ITEM('',(#4369),#44);
#34=STYLED_ITEM('',(#4369),#45);
#35=STYLED_ITEM('',(#4367),#20);
#36=MANIFOLD_SOLID_BREP('Motor Housing Left',#2136);
#37=MANIFOLD_SOLID_BREP('Structural Rod 1',#2137);
#38=MANIFOLD_SOLID_BREP('Motor Housing Right',#2138);
#39=MANIFOLD_SOLID_BREP('Main Rail Left',#2139);
#40=MANIFOLD_SOLID_BREP('Main Rail Right',#2140);
#41=MANIFOLD_SOLID_BREP('Top Left Bracket',#2141);
#42=MANIFOLD_SOLID_BREP('Structural Rod 2',#2142);
#43=MANIFOLD_SOLID_BREP('Top Right Bracket',#2143);
#44=MANIFOLD_SOLID_BREP('Main Gondola Rod 1',#2144);
#45=MANIFOLD_SOLID_BREP('Main Gondola Rod 2',#2145);
#46=FACE_BOUND('',#218,.T.);
#47=FACE_BOUND('',#221,.T.);
#48=FACE_BOUND('',#253,.T.);
#49=FACE_BOUND('',#263,.T.);
#50=FACE_BOUND('',#299,.T.);
#51=FACE_BOUND('',#301,.T.);
#52=FACE_BOUND('',#305,.T.);
#53=FACE_BOUND('',#320,.T.);
#54=FACE_BOUND('',#322,.T.);
#55=FACE_BOUND('',#324,.T.);
#56=CYLINDRICAL_SURFACE('',#2166,5.075);
#57=CYLINDRICAL_SURFACE('',#2175,5.);
#58=CYLINDRICAL_SURFACE('',#2185,5.);
#59=CYLINDRICAL_SURFACE('',#2188,3.);
#60=CYLINDRICAL_SURFACE('',#2203,3.);
#61=CYLINDRICAL_SURFACE('',#2205,5.075);
#62=CYLINDRICAL_SURFACE('',#2208,5.);
#63=CYLINDRICAL_SURFACE('',#2222,5.075);
#64=CYLINDRICAL_SURFACE('',#2232,5.);
#65=CYLINDRICAL_SURFACE('',#2241,5.);
#66=CYLINDRICAL_SURFACE('',#2248,5.075);
#67=CYLINDRICAL_SURFACE('',#2259,3.);
#68=CYLINDRICAL_SURFACE('',#2260,3.);
#69=CYLINDRICAL_SURFACE('',#2262,5.);
#70=CYLINDRICAL_SURFACE('',#2267,5.075);
#71=CYLINDRICAL_SURFACE('',#2273,2.5);
#72=CYLINDRICAL_SURFACE('',#2288,5.075);
#73=CYLINDRICAL_SURFACE('',#2289,5.151125);
#74=CYLINDRICAL_SURFACE('',#2293,5.);
#75=CYLINDRICAL_SURFACE('',#2299,2.49999999999993);
#76=CYLINDRICAL_SURFACE('',#2314,5.075);
#77=CYLINDRICAL_SURFACE('',#2315,5.151125);
#78=CYLINDRICAL_SURFACE('',#2319,5.);
#79=CYLINDRICAL_SURFACE('',#2324,5.);
#80=FACE_OUTER_BOUND('',#207,.T.);
#81=FACE_OUTER_BOUND('',#208,.T.);
#82=FACE_OUTER_BOUND('',#209,.T.);
#83=FACE_OUTER_BOUND('',#210,.T.);
#84=FACE_OUTER_BOUND('',#211,.T.);
#85=FACE_OUTER_BOUND('',#212,.T.);
#86=FACE_OUTER_BOUND('',#213,.T.);
#87=FACE_OUTER_BOUND('',#214,.T.);
#88=FACE_OUTER_BOUND('',#215,.T.);
#89=FACE_OUTER_BOUND('',#216,.T.);
#90=FACE_OUTER_BOUND('',#217,.T.);
#91=FACE_OUTER_BOUND('',#219,.T.);
#92=FACE_OUTER_BOUND('',#220,.T.);
#93=FACE_OUTER_BOUND('',#222,.T.);
#94=FACE_OUTER_BOUND('',#223,.T.);
#95=FACE_OUTER_BOUND('',#224,.T.);
#96=FACE_OUTER_BOUND('',#225,.T.);
#97=FACE_OUTER_BOUND('',#226,.T.);
#98=FACE_OUTER_BOUND('',#227,.T.);
#99=FACE_OUTER_BOUND('',#228,.T.);
#100=FACE_OUTER_BOUND('',#229,.T.);
#101=FACE_OUTER_BOUND('',#230,.T.);
#102=FACE_OUTER_BOUND('',#231,.T.);
#103=FACE_OUTER_BOUND('',#232,.T.);
#104=FACE_OUTER_BOUND('',#233,.T.);
#105=FACE_OUTER_BOUND('',#234,.T.);
#106=FACE_OUTER_BOUND('',#235,.T.);
#107=FACE_OUTER_BOUND('',#236,.T.);
#108=FACE_OUTER_BOUND('',#237,.T.);
#109=FACE_OUTER_BOUND('',#238,.T.);
#110=FACE_OUTER_BOUND('',#239,.T.);
#111=FACE_OUTER_BOUND('',#240,.T.);
#112=FACE_OUTER_BOUND('',#241,.T.);
#113=FACE_OUTER_BOUND('',#242,.T.);
#114=FACE_OUTER_BOUND('',#243,.T.);
#115=FACE_OUTER_BOUND('',#244,.T.);
#116=FACE_OUTER_BOUND('',#245,.T.);
#117=FACE_OUTER_BOUND('',#246,.T.);
#118=FACE_OUTER_BOUND('',#247,.T.);
#119=FACE_OUTER_BOUND('',#248,.T.);
#120=FACE_OUTER_BOUND('',#249,.T.);
#121=FACE_OUTER_BOUND('',#250,.T.);
#122=FACE_OUTER_BOUND('',#251,.T.);
#123=FACE_OUTER_BOUND('',#252,.T.);
#124=FACE_OUTER_BOUND('',#254,.T.);
#125=FACE_OUTER_BOUND('',#255,.T.);
#126=FACE_OUTER_BOUND('',#256,.T.);
#127=FACE_OUTER_BOUND('',#257,.T.);
#128=FACE_OUTER_BOUND('',#258,.T.);
#129=FACE_OUTER_BOUND('',#259,.T.);
#130=FACE_OUTER_BOUND('',#260,.T.);
#131=FACE_OUTER_BOUND('',#261,.T.);
#132=FACE_OUTER_BOUND('',#262,.T.);
#133=FACE_OUTER_BOUND('',#264,.T.);
#134=FACE_OUTER_BOUND('',#265,.T.);
#135=FACE_OUTER_BOUND('',#266,.T.);
#136=FACE_OUTER_BOUND('',#267,.T.);
#137=FACE_OUTER_BOUND('',#268,.T.);
#138=FACE_OUTER_BOUND('',#269,.T.);
#139=FACE_OUTER_BOUND('',#270,.T.);
#140=FACE_OUTER_BOUND('',#271,.T.);
#141=FACE_OUTER_BOUND('',#272,.T.);
#142=FACE_OUTER_BOUND('',#273,.T.);
#143=FACE_OUTER_BOUND('',#274,.T.);
#144=FACE_OUTER_BOUND('',#275,.T.);
#145=FACE_OUTER_BOUND('',#276,.T.);
#146=FACE_OUTER_BOUND('',#277,.T.);
#147=FACE_OUTER_BOUND('',#278,.T.);
#148=FACE_OUTER_BOUND('',#279,.T.);
#149=FACE_OUTER_BOUND('',#280,.T.);
#150=FACE_OUTER_BOUND('',#281,.T.);
#151=FACE_OUTER_BOUND('',#282,.T.);
#152=FACE_OUTER_BOUND('',#283,.T.);
#153=FACE_OUTER_BOUND('',#284,.T.);
#154=FACE_OUTER_BOUND('',#285,.T.);
#155=FACE_OUTER_BOUND('',#286,.T.);
#156=FACE_OUTER_BOUND('',#287,.T.);
#157=FACE_OUTER_BOUND('',#288,.T.);
#158=FACE_OUTER_BOUND('',#289,.T.);
#159=FACE_OUTER_BOUND('',#290,.T.);
#160=FACE_OUTER_BOUND('',#291,.T.);
#161=FACE_OUTER_BOUND('',#292,.T.);
#162=FACE_OUTER_BOUND('',#293,.T.);
#163=FACE_OUTER_BOUND('',#294,.T.);
#164=FACE_OUTER_BOUND('',#295,.T.);
#165=FACE_OUTER_BOUND('',#296,.T.);
#166=FACE_OUTER_BOUND('',#297,.T.);
#167=FACE_OUTER_BOUND('',#298,.T.);
#168=FACE_OUTER_BOUND('',#300,.T.);
#169=FACE_OUTER_BOUND('',#302,.T.);
#170=FACE_OUTER_BOUND('',#303,.T.);
#171=FACE_OUTER_BOUND('',#304,.T.);
#172=FACE_OUTER_BOUND('',#306,.T.);
#173=FACE_OUTER_BOUND('',#307,.T.);
#174=FACE_OUTER_BOUND('',#308,.T.);
#175=FACE_OUTER_BOUND('',#309,.T.);
#176=FACE_OUTER_BOUND('',#310,.T.);
#177=FACE_OUTER_BOUND('',#311,.T.);
#178=FACE_OUTER_BOUND('',#312,.T.);
#179=FACE_OUTER_BOUND('',#313,.T.);
#180=FACE_OUTER_BOUND('',#314,.T.);
#181=FACE_OUTER_BOUND('',#315,.T.);
#182=FACE_OUTER_BOUND('',#316,.T.);
#183=FACE_OUTER_BOUND('',#317,.T.);
#184=FACE_OUTER_BOUND('',#318,.T.);
#185=FACE_OUTER_BOUND('',#319,.T.);
#186=FACE_OUTER_BOUND('',#321,.T.);
#187=FACE_OUTER_BOUND('',#323,.T.);
#188=FACE_OUTER_BOUND('',#325,.T.);
#189=FACE_OUTER_BOUND('',#326,.T.);
#190=FACE_OUTER_BOUND('',#327,.T.);
#191=FACE_OUTER_BOUND('',#328,.T.);
#192=FACE_OUTER_BOUND('',#329,.T.);
#193=FACE_OUTER_BOUND('',#330,.T.);
#194=FACE_OUTER_BOUND('',#331,.T.);
#195=FACE_OUTER_BOUND('',#332,.T.);
#196=FACE_OUTER_BOUND('',#333,.T.);
#197=FACE_OUTER_BOUND('',#334,.T.);
#198=FACE_OUTER_BOUND('',#335,.T.);
#199=FACE_OUTER_BOUND('',#336,.T.);
#200=FACE_OUTER_BOUND('',#337,.T.);
#201=FACE_OUTER_BOUND('',#338,.T.);
#202=FACE_OUTER_BOUND('',#339,.T.);
#203=FACE_OUTER_BOUND('',#340,.T.);
#204=FACE_OUTER_BOUND('',#341,.T.);
#205=FACE_OUTER_BOUND('',#342,.T.);
#206=FACE_OUTER_BOUND('',#343,.T.);
#207=EDGE_LOOP('',(#1344,#1345,#1346,#1347,#1348,#1349,#1350,#1351,#1352,
#1353,#1354,#1355,#1356,#1357,#1358,#1359,#1360,#1361,#1362));
#208=EDGE_LOOP('',(#1363,#1364,#1365,#1366));
#209=EDGE_LOOP('',(#1367,#1368,#1369,#1370));
#210=EDGE_LOOP('',(#1371,#1372,#1373,#1374));
#211=EDGE_LOOP('',(#1375));
#212=EDGE_LOOP('',(#1376,#1377,#1378,#1379,#1380,#1381,#1382,#1383,#1384,
#1385,#1386,#1387,#1388,#1389,#1390,#1391,#1392,#1393,#1394,#1395,#1396,
#1397,#1398,#1399,#1400,#1401,#1402,#1403,#1404));
#213=EDGE_LOOP('',(#1405,#1406,#1407,#1408));
#214=EDGE_LOOP('',(#1409,#1410,#1411,#1412));
#215=EDGE_LOOP('',(#1413,#1414,#1415,#1416));
#216=EDGE_LOOP('',(#1417,#1418,#1419,#1420));
#217=EDGE_LOOP('',(#1421,#1422,#1423,#1424));
#218=EDGE_LOOP('',(#1425));
#219=EDGE_LOOP('',(#1426,#1427,#1428,#1429));
#220=EDGE_LOOP('',(#1430,#1431,#1432,#1433));
#221=EDGE_LOOP('',(#1434));
#222=EDGE_LOOP('',(#1435,#1436,#1437,#1438));
#223=EDGE_LOOP('',(#1439,#1440,#1441,#1442));
#224=EDGE_LOOP('',(#1443,#1444,#1445,#1446));
#225=EDGE_LOOP('',(#1447,#1448,#1449,#1450));
#226=EDGE_LOOP('',(#1451,#1452,#1453,#1454));
#227=EDGE_LOOP('',(#1455,#1456,#1457,#1458,#1459));
#228=EDGE_LOOP('',(#1460,#1461,#1462,#1463));
#229=EDGE_LOOP('',(#1464,#1465,#1466,#1467));
#230=EDGE_LOOP('',(#1468,#1469,#1470,#1471,#1472,#1473,#1474,#1475,#1476,
#1477,#1478,#1479));
#231=EDGE_LOOP('',(#1480,#1481,#1482,#1483));
#232=EDGE_LOOP('',(#1484,#1485,#1486,#1487));
#233=EDGE_LOOP('',(#1488,#1489,#1490,#1491));
#234=EDGE_LOOP('',(#1492,#1493,#1494,#1495));
#235=EDGE_LOOP('',(#1496,#1497,#1498,#1499));
#236=EDGE_LOOP('',(#1500,#1501,#1502,#1503));
#237=EDGE_LOOP('',(#1504,#1505,#1506,#1507));
#238=EDGE_LOOP('',(#1508,#1509,#1510,#1511));
#239=EDGE_LOOP('',(#1512,#1513,#1514,#1515));
#240=EDGE_LOOP('',(#1516,#1517,#1518,#1519));
#241=EDGE_LOOP('',(#1520,#1521,#1522,#1523));
#242=EDGE_LOOP('',(#1524,#1525,#1526,#1527,#1528));
#243=EDGE_LOOP('',(#1529,#1530,#1531,#1532));
#244=EDGE_LOOP('',(#1533,#1534,#1535,#1536));
#245=EDGE_LOOP('',(#1537));
#246=EDGE_LOOP('',(#1538,#1539,#1540,#1541));
#247=EDGE_LOOP('',(#1542));
#248=EDGE_LOOP('',(#1543));
#249=EDGE_LOOP('',(#1544,#1545,#1546,#1547,#1548,#1549,#1550,#1551,#1552,
#1553,#1554,#1555,#1556,#1557,#1558,#1559,#1560,#1561,#1562));
#250=EDGE_LOOP('',(#1563,#1564,#1565,#1566));
#251=EDGE_LOOP('',(#1567,#1568,#1569,#1570));
#252=EDGE_LOOP('',(#1571,#1572,#1573,#1574));
#253=EDGE_LOOP('',(#1575));
#254=EDGE_LOOP('',(#1576,#1577,#1578,#1579));
#255=EDGE_LOOP('',(#1580));
#256=EDGE_LOOP('',(#1581,#1582,#1583,#1584,#1585,#1586,#1587,#1588,#1589,
#1590,#1591,#1592,#1593,#1594,#1595,#1596,#1597,#1598,#1599,#1600,#1601,
#1602,#1603,#1604,#1605,#1606,#1607,#1608,#1609));
#257=EDGE_LOOP('',(#1610,#1611,#1612,#1613));
#258=EDGE_LOOP('',(#1614,#1615,#1616,#1617));
#259=EDGE_LOOP('',(#1618,#1619,#1620,#1621));
#260=EDGE_LOOP('',(#1622,#1623,#1624,#1625));
#261=EDGE_LOOP('',(#1626,#1627,#1628,#1629));
#262=EDGE_LOOP('',(#1630,#1631,#1632,#1633));
#263=EDGE_LOOP('',(#1634));
#264=EDGE_LOOP('',(#1635,#1636,#1637,#1638));
#265=EDGE_LOOP('',(#1639,#1640,#1641,#1642));
#266=EDGE_LOOP('',(#1643,#1644,#1645,#1646));
#267=EDGE_LOOP('',(#1647,#1648,#1649,#1650));
#268=EDGE_LOOP('',(#1651,#1652,#1653,#1654));
#269=EDGE_LOOP('',(#1655,#1656,#1657,#1658));
#270=EDGE_LOOP('',(#1659,#1660,#1661,#1662,#1663,#1664,#1665,#1666,#1667,
#1668,#1669,#1670));
#271=EDGE_LOOP('',(#1671,#1672,#1673,#1674));
#272=EDGE_LOOP('',(#1675,#1676,#1677,#1678));
#273=EDGE_LOOP('',(#1679,#1680,#1681,#1682));
#274=EDGE_LOOP('',(#1683,#1684,#1685,#1686));
#275=EDGE_LOOP('',(#1687,#1688,#1689,#1690));
#276=EDGE_LOOP('',(#1691));
#277=EDGE_LOOP('',(#1692,#1693,#1694,#1695));
#278=EDGE_LOOP('',(#1696,#1697,#1698,#1699));
#279=EDGE_LOOP('',(#1700,#1701,#1702,#1703));
#280=EDGE_LOOP('',(#1704,#1705,#1706,#1707));
#281=EDGE_LOOP('',(#1708,#1709,#1710,#1711));
#282=EDGE_LOOP('',(#1712,#1713,#1714,#1715));
#283=EDGE_LOOP('',(#1716,#1717,#1718,#1719));
#284=EDGE_LOOP('',(#1720,#1721,#1722,#1723));
#285=EDGE_LOOP('',(#1724,#1725,#1726,#1727,#1728));
#286=EDGE_LOOP('',(#1729,#1730,#1731,#1732,#1733));
#287=EDGE_LOOP('',(#1734,#1735,#1736,#1737));
#288=EDGE_LOOP('',(#1738,#1739,#1740,#1741));
#289=EDGE_LOOP('',(#1742));
#290=EDGE_LOOP('',(#1743));
#291=EDGE_LOOP('',(#1744,#1745,#1746,#1747));
#292=EDGE_LOOP('',(#1748));
#293=EDGE_LOOP('',(#1749));
#294=EDGE_LOOP('',(#1750,#1751,#1752,#1753,#1754,#1755,#1756));
#295=EDGE_LOOP('',(#1757,#1758,#1759,#1760));
#296=EDGE_LOOP('',(#1761));
#297=EDGE_LOOP('',(#1762,#1763,#1764,#1765));
#298=EDGE_LOOP('',(#1766,#1767,#1768,#1769,#1770,#1771,#1772));
#299=EDGE_LOOP('',(#1773));
#300=EDGE_LOOP('',(#1774,#1775,#1776,#1777));
#301=EDGE_LOOP('',(#1778));
#302=EDGE_LOOP('',(#1779));
#303=EDGE_LOOP('',(#1780,#1781,#1782,#1783));
#304=EDGE_LOOP('',(#1784,#1785,#1786,#1787));
#305=EDGE_LOOP('',(#1788));
#306=EDGE_LOOP('',(#1789));
#307=EDGE_LOOP('',(#1790,#1791,#1792,#1793));
#308=EDGE_LOOP('',(#1794,#1795,#1796,#1797));
#309=EDGE_LOOP('',(#1798,#1799,#1800,#1801));
#310=EDGE_LOOP('',(#1802,#1803,#1804,#1805));
#311=EDGE_LOOP('',(#1806,#1807,#1808,#1809));
#312=EDGE_LOOP('',(#1810,#1811,#1812,#1813));
#313=EDGE_LOOP('',(#1814));
#314=EDGE_LOOP('',(#1815));
#315=EDGE_LOOP('',(#1816,#1817,#1818,#1819,#1820,#1821,#1822));
#316=EDGE_LOOP('',(#1823,#1824,#1825,#1826));
#317=EDGE_LOOP('',(#1827));
#318=EDGE_LOOP('',(#1828,#1829,#1830,#1831));
#319=EDGE_LOOP('',(#1832,#1833,#1834,#1835,#1836,#1837,#1838));
#320=EDGE_LOOP('',(#1839));
#321=EDGE_LOOP('',(#1840,#1841,#1842,#1843));
#322=EDGE_LOOP('',(#1844));
#323=EDGE_LOOP('',(#1845,#1846,#1847,#1848));
#324=EDGE_LOOP('',(#1849));
#325=EDGE_LOOP('',(#1850));
#326=EDGE_LOOP('',(#1851,#1852,#1853,#1854));
#327=EDGE_LOOP('',(#1855));
#328=EDGE_LOOP('',(#1856,#1857,#1858,#1859));
#329=EDGE_LOOP('',(#1860,#1861,#1862,#1863));
#330=EDGE_LOOP('',(#1864,#1865,#1866,#1867));
#331=EDGE_LOOP('',(#1868,#1869,#1870,#1871));
#332=EDGE_LOOP('',(#1872,#1873,#1874,#1875));
#333=EDGE_LOOP('',(#1876,#1877,#1878,#1879));
#334=EDGE_LOOP('',(#1880));
#335=EDGE_LOOP('',(#1881));
#336=EDGE_LOOP('',(#1882,#1883,#1884,#1885));
#337=EDGE_LOOP('',(#1886));
#338=EDGE_LOOP('',(#1887));
#339=EDGE_LOOP('',(#1888,#1889,#1890,#1891));
#340=EDGE_LOOP('',(#1892,#1893,#1894,#1895));
#341=EDGE_LOOP('',(#1896,#1897,#1898,#1899));
#342=EDGE_LOOP('',(#1900,#1901,#1902,#1903));
#343=EDGE_LOOP('',(#1904,#1905,#1906,#1907));
#344=LINE('',#2922,#580);
#345=LINE('',#2924,#581);
#346=LINE('',#2928,#582);
#347=LINE('',#2930,#583);
#348=LINE('',#2932,#584);
#349=LINE('',#2934,#585);
#350=LINE('',#2936,#586);
#351=LINE('',#2938,#587);
#352=LINE('',#2940,#588);
#353=LINE('',#2942,#589);
#354=LINE('',#2944,#590);
#355=LINE('',#2946,#591);
#356=LINE('',#2950,#592);
#357=LINE('',#2952,#593);
#358=LINE('',#2955,#594);
#359=LINE('',#2958,#595);
#360=LINE('',#2960,#596);
#361=LINE('',#2961,#597);
#362=LINE('',#2964,#598);
#363=LINE('',#2965,#599);
#364=LINE('',#2970,#600);
#365=LINE('',#2978,#601);
#366=LINE('',#2980,#602);
#367=LINE('',#2984,#603);
#368=LINE('',#2986,#604);
#369=LINE('',#2988,#605);
#370=LINE('',#2990,#606);
#371=LINE('',#2991,#607);
#372=LINE('',#2993,#608);
#373=LINE('',#2995,#609);
#374=LINE('',#2997,#610);
#375=LINE('',#3001,#611);
#376=LINE('',#3003,#612);
#377=LINE('',#3007,#613);
#378=LINE('',#3009,#614);
#379=LINE('',#3011,#615);
#380=LINE('',#3013,#616);
#381=LINE('',#3015,#617);
#382=LINE('',#3017,#618);
#383=LINE('',#3019,#619);
#384=LINE('',#3021,#620);
#385=LINE('',#3023,#621);
#386=LINE('',#3025,#622);
#387=LINE('',#3026,#623);
#388=LINE('',#3028,#624);
#389=LINE('',#3029,#625);
#390=LINE('',#3031,#626);
#391=LINE('',#3033,#627);
#392=LINE('',#3036,#628);
#393=LINE('',#3038,#629);
#394=LINE('',#3040,#630);
#395=LINE('',#3044,#631);
#396=LINE('',#3046,#632);
#397=LINE('',#3048,#633);
#398=LINE('',#3050,#634);
#399=LINE('',#3052,#635);
#400=LINE('',#3055,#636);
#401=LINE('',#3056,#637);
#402=LINE('',#3059,#638);
#403=LINE('',#3060,#639);
#404=LINE('',#3062,#640);
#405=LINE('',#3064,#641);
#406=LINE('',#3065,#642);
#407=LINE('',#3069,#643);
#408=LINE('',#3071,#644);
#409=LINE('',#3073,#645);
#410=LINE('',#3075,#646);
#411=LINE('',#3077,#647);
#412=LINE('',#3078,#648);
#413=LINE('',#3080,#649);
#414=LINE('',#3082,#650);
#415=LINE('',#3084,#651);
#416=LINE('',#3085,#652);
#417=LINE('',#3087,#653);
#418=LINE('',#3089,#654);
#419=LINE('',#3091,#655);
#420=LINE('',#3093,#656);
#421=LINE('',#3095,#657);
#422=LINE('',#3097,#658);
#423=LINE('',#3099,#659);
#424=LINE('',#3101,#660);
#425=LINE('',#3103,#661);
#426=LINE('',#3106,#662);
#427=LINE('',#3107,#663);
#428=LINE('',#3112,#664);
#429=LINE('',#3119,#665);
#430=LINE('',#3128,#666);
#431=LINE('',#3130,#667);
#432=LINE('',#3134,#668);
#433=LINE('',#3136,#669);
#434=LINE('',#3138,#670);
#435=LINE('',#3140,#671);
#436=LINE('',#3142,#672);
#437=LINE('',#3144,#673);
#438=LINE('',#3146,#674);
#439=LINE('',#3148,#675);
#440=LINE('',#3150,#676);
#441=LINE('',#3152,#677);
#442=LINE('',#3156,#678);
#443=LINE('',#3158,#679);
#444=LINE('',#3161,#680);
#445=LINE('',#3164,#681);
#446=LINE('',#3166,#682);
#447=LINE('',#3167,#683);
#448=LINE('',#3170,#684);
#449=LINE('',#3171,#685);
#450=LINE('',#3174,#686);
#451=LINE('',#3175,#687);
#452=LINE('',#3180,#688);
#453=LINE('',#3188,#689);
#454=LINE('',#3190,#690);
#455=LINE('',#3194,#691);
#456=LINE('',#3196,#692);
#457=LINE('',#3197,#693);
#458=LINE('',#3199,#694);
#459=LINE('',#3201,#695);
#460=LINE('',#3203,#696);
#461=LINE('',#3205,#697);
#462=LINE('',#3209,#698);
#463=LINE('',#3211,#699);
#464=LINE('',#3215,#700);
#465=LINE('',#3217,#701);
#466=LINE('',#3219,#702);
#467=LINE('',#3221,#703);
#468=LINE('',#3223,#704);
#469=LINE('',#3225,#705);
#470=LINE('',#3227,#706);
#471=LINE('',#3229,#707);
#472=LINE('',#3231,#708);
#473=LINE('',#3233,#709);
#474=LINE('',#3234,#710);
#475=LINE('',#3236,#711);
#476=LINE('',#3237,#712);
#477=LINE('',#3239,#713);
#478=LINE('',#3241,#714);
#479=LINE('',#3243,#715);
#480=LINE('',#3245,#716);
#481=LINE('',#3247,#717);
#482=LINE('',#3252,#718);
#483=LINE('',#3254,#719);
#484=LINE('',#3256,#720);
#485=LINE('',#3258,#721);
#486=LINE('',#3260,#722);
#487=LINE('',#3264,#723);
#488=LINE('',#3266,#724);
#489=LINE('',#3268,#725);
#490=LINE('',#3270,#726);
#491=LINE('',#3272,#727);
#492=LINE('',#3274,#728);
#493=LINE('',#3276,#729);
#494=LINE('',#3278,#730);
#495=LINE('',#3280,#731);
#496=LINE('',#3282,#732);
#497=LINE('',#3284,#733);
#498=LINE('',#3285,#734);
#499=LINE('',#3287,#735);
#500=LINE('',#3288,#736);
#501=LINE('',#3290,#737);
#502=LINE('',#3292,#738);
#503=LINE('',#3294,#739);
#504=LINE('',#3297,#740);
#505=LINE('',#3301,#741);
#506=LINE('',#3302,#742);
#507=LINE('',#3304,#743);
#508=LINE('',#3305,#744);
#509=LINE('',#3307,#745);
#510=LINE('',#3309,#746);
#511=LINE('',#3311,#747);
#512=LINE('',#3313,#748);
#513=LINE('',#3315,#749);
#514=LINE('',#3319,#750);
#515=LINE('',#3325,#751);
#516=LINE('',#3333,#752);
#517=LINE('',#3340,#753);
#518=LINE('',#3342,#754);
#519=LINE('',#3344,#755);
#520=LINE('',#3346,#756);
#521=LINE('',#3348,#757);
#522=LINE('',#3350,#758);
#523=LINE('',#3351,#759);
#524=LINE('',#3356,#760);
#525=LINE('',#3362,#761);
#526=LINE('',#3363,#762);
#527=LINE('',#3364,#763);
#528=LINE('',#3367,#764);
#529=LINE('',#3369,#765);
#530=LINE('',#3371,#766);
#531=LINE('',#3373,#767);
#532=LINE('',#3375,#768);
#533=LINE('',#3376,#769);
#534=LINE('',#3378,#770);
#535=LINE('',#3385,#771);
#536=LINE('',#3386,#772);
#537=LINE('',#3388,#773);
#538=LINE('',#3395,#774);
#539=LINE('',#3397,#775);
#540=LINE('',#3399,#776);
#541=LINE('',#3406,#777);
#542=LINE('',#3413,#778);
#543=LINE('',#3415,#779);
#544=LINE('',#3417,#780);
#545=LINE('',#3419,#781);
#546=LINE('',#3421,#782);
#547=LINE('',#3423,#783);
#548=LINE('',#3424,#784);
#549=LINE('',#3429,#785);
#550=LINE('',#3435,#786);
#551=LINE('',#3436,#787);
#552=LINE('',#3437,#788);
#553=LINE('',#3440,#789);
#554=LINE('',#3442,#790);
#555=LINE('',#3444,#791);
#556=LINE('',#3446,#792);
#557=LINE('',#3448,#793);
#558=LINE('',#3449,#794);
#559=LINE('',#3451,#795);
#560=LINE('',#3455,#796);
#561=LINE('',#3462,#797);
#562=LINE('',#3463,#798);
#563=LINE('',#3468,#799);
#564=LINE('',#3470,#800);
#565=LINE('',#3472,#801);
#566=LINE('',#3479,#802);
#567=LINE('',#3487,#803);
#568=LINE('',#3749,#804);
#569=LINE('',#3956,#805);
#570=LINE('',#3959,#806);
#571=LINE('',#3961,#807);
#572=LINE('',#3962,#808);
#573=LINE('',#4335,#809);
#574=LINE('',#4338,#810);
#575=LINE('',#4340,#811);
#576=LINE('',#4341,#812);
#577=LINE('',#4344,#813);
#578=LINE('',#4346,#814);
#579=LINE('',#4347,#815);
#580=VECTOR('',#2338,10.);
#581=VECTOR('',#2339,10.);
#582=VECTOR('',#2342,10.);
#583=VECTOR('',#2343,10.);
#584=VECTOR('',#2344,10.);
#585=VECTOR('',#2345,10.);
#586=VECTOR('',#2346,10.);
#587=VECTOR('',#2347,10.);
#588=VECTOR('',#2348,10.);
#589=VECTOR('',#2349,10.);
#590=VECTOR('',#2350,10.);
#591=VECTOR('',#2351,10.);
#592=VECTOR('',#2354,10.);
#593=VECTOR('',#2355,10.);
#594=VECTOR('',#2358,10.);
#595=VECTOR('',#2361,10.);
#596=VECTOR('',#2362,10.);
#597=VECTOR('',#2363,10.);
#598=VECTOR('',#2366,10.);
#599=VECTOR('',#2367,10.);
#600=VECTOR('',#2372,5.075);
#601=VECTOR('',#2381,10.);
#602=VECTOR('',#2382,10.);
#603=VECTOR('',#2385,10.);
#604=VECTOR('',#2386,10.);
#605=VECTOR('',#2387,10.);
#606=VECTOR('',#2388,10.);
#607=VECTOR('',#2389,10.);
#608=VECTOR('',#2390,10.);
#609=VECTOR('',#2391,10.);
#610=VECTOR('',#2392,10.);
#611=VECTOR('',#2395,10.);
#612=VECTOR('',#2396,10.);
#613=VECTOR('',#2399,10.);
#614=VECTOR('',#2400,10.);
#615=VECTOR('',#2401,10.);
#616=VECTOR('',#2402,10.);
#617=VECTOR('',#2403,10.);
#618=VECTOR('',#2404,10.);
#619=VECTOR('',#2405,10.);
#620=VECTOR('',#2406,10.);
#621=VECTOR('',#2407,10.);
#622=VECTOR('',#2408,10.);
#623=VECTOR('',#2409,10.);
#624=VECTOR('',#2412,10.);
#625=VECTOR('',#2413,10.);
#626=VECTOR('',#2416,10.);
#627=VECTOR('',#2419,10.);
#628=VECTOR('',#2424,10.);
#629=VECTOR('',#2427,10.);
#630=VECTOR('',#2430,10.);
#631=VECTOR('',#2435,10.);
#632=VECTOR('',#2438,10.);
#633=VECTOR('',#2441,10.);
#634=VECTOR('',#2444,10.);
#635=VECTOR('',#2447,10.);
#636=VECTOR('',#2450,10.);
#637=VECTOR('',#2451,10.);
#638=VECTOR('',#2454,10.);
#639=VECTOR('',#2455,10.);
#640=VECTOR('',#2458,10.);
#641=VECTOR('',#2459,10.);
#642=VECTOR('',#2460,10.);
#643=VECTOR('',#2463,10.);
#644=VECTOR('',#2464,10.);
#645=VECTOR('',#2465,10.);
#646=VECTOR('',#2466,10.);
#647=VECTOR('',#2467,10.);
#648=VECTOR('',#2468,10.);
#649=VECTOR('',#2469,10.);
#650=VECTOR('',#2470,10.);
#651=VECTOR('',#2471,10.);
#652=VECTOR('',#2472,10.);
#653=VECTOR('',#2475,10.);
#654=VECTOR('',#2478,10.);
#655=VECTOR('',#2481,10.);
#656=VECTOR('',#2484,10.);
#657=VECTOR('',#2487,10.);
#658=VECTOR('',#2490,10.);
#659=VECTOR('',#2493,10.);
#660=VECTOR('',#2496,10.);
#661=VECTOR('',#2499,10.);
#662=VECTOR('',#2504,10.);
#663=VECTOR('',#2505,10.);
#664=VECTOR('',#2512,5.075);
#665=VECTOR('',#2521,5.);
#666=VECTOR('',#2532,10.);
#667=VECTOR('',#2533,10.);
#668=VECTOR('',#2536,10.);
#669=VECTOR('',#2537,10.);
#670=VECTOR('',#2538,10.);
#671=VECTOR('',#2539,10.);
#672=VECTOR('',#2540,10.);
#673=VECTOR('',#2541,10.);
#674=VECTOR('',#2542,10.);
#675=VECTOR('',#2543,10.);
#676=VECTOR('',#2544,10.);
#677=VECTOR('',#2545,10.);
#678=VECTOR('',#2548,10.);
#679=VECTOR('',#2549,10.);
#680=VECTOR('',#2552,10.);
#681=VECTOR('',#2555,10.);
#682=VECTOR('',#2556,10.);
#683=VECTOR('',#2557,10.);
#684=VECTOR('',#2560,10.);
#685=VECTOR('',#2561,10.);
#686=VECTOR('',#2564,10.);
#687=VECTOR('',#2565,10.);
#688=VECTOR('',#2570,5.075);
#689=VECTOR('',#2579,10.);
#690=VECTOR('',#2580,10.);
#691=VECTOR('',#2583,10.);
#692=VECTOR('',#2584,10.);
#693=VECTOR('',#2585,10.);
#694=VECTOR('',#2586,10.);
#695=VECTOR('',#2587,10.);
#696=VECTOR('',#2588,10.);
#697=VECTOR('',#2589,10.);
#698=VECTOR('',#2592,10.);
#699=VECTOR('',#2593,10.);
#700=VECTOR('',#2596,10.);
#701=VECTOR('',#2597,10.);
#702=VECTOR('',#2598,10.);
#703=VECTOR('',#2599,10.);
#704=VECTOR('',#2600,10.);
#705=VECTOR('',#2601,10.);
#706=VECTOR('',#2602,10.);
#707=VECTOR('',#2603,10.);
#708=VECTOR('',#2604,10.);
#709=VECTOR('',#2605,10.);
#710=VECTOR('',#2606,10.);
#711=VECTOR('',#2609,10.);
#712=VECTOR('',#2610,10.);
#713=VECTOR('',#2613,10.);
#714=VECTOR('',#2616,10.);
#715=VECTOR('',#2619,10.);
#716=VECTOR('',#2622,10.);
#717=VECTOR('',#2625,10.);
#718=VECTOR('',#2632,10.);
#719=VECTOR('',#2635,10.);
#720=VECTOR('',#2638,10.);
#721=VECTOR('',#2641,10.);
#722=VECTOR('',#2644,10.);
#723=VECTOR('',#2647,10.);
#724=VECTOR('',#2648,10.);
#725=VECTOR('',#2649,10.);
#726=VECTOR('',#2650,10.);
#727=VECTOR('',#2651,10.);
#728=VECTOR('',#2652,10.);
#729=VECTOR('',#2653,10.);
#730=VECTOR('',#2654,10.);
#731=VECTOR('',#2655,10.);
#732=VECTOR('',#2656,10.);
#733=VECTOR('',#2657,10.);
#734=VECTOR('',#2658,10.);
#735=VECTOR('',#2661,10.);
#736=VECTOR('',#2662,10.);
#737=VECTOR('',#2665,10.);
#738=VECTOR('',#2668,10.);
#739=VECTOR('',#2671,10.);
#740=VECTOR('',#2674,5.075);
#741=VECTOR('',#2681,10.);
#742=VECTOR('',#2682,10.);
#743=VECTOR('',#2685,10.);
#744=VECTOR('',#2686,10.);
#745=VECTOR('',#2689,10.);
#746=VECTOR('',#2692,10.);
#747=VECTOR('',#2695,10.);
#748=VECTOR('',#2698,10.);
#749=VECTOR('',#2701,10.);
#750=VECTOR('',#2708,10.);
#751=VECTOR('',#2715,5.);
#752=VECTOR('',#2726,5.075);
#753=VECTOR('',#2735,10.);
#754=VECTOR('',#2736,10.);
#755=VECTOR('',#2737,10.);
#756=VECTOR('',#2738,10.);
#757=VECTOR('',#2739,10.);
#758=VECTOR('',#2740,10.);
#759=VECTOR('',#2741,10.);
#760=VECTOR('',#2746,2.5);
#761=VECTOR('',#2753,10.);
#762=VECTOR('',#2754,10.);
#763=VECTOR('',#2755,10.);
#764=VECTOR('',#2758,10.);
#765=VECTOR('',#2759,10.);
#766=VECTOR('',#2760,10.);
#767=VECTOR('',#2761,10.);
#768=VECTOR('',#2762,10.);
#769=VECTOR('',#2763,10.);
#770=VECTOR('',#2766,10.);
#771=VECTOR('',#2775,10.);
#772=VECTOR('',#2776,10.);
#773=VECTOR('',#2779,10.);
#774=VECTOR('',#2788,5.075);
#775=VECTOR('',#2791,5.151125);
#776=VECTOR('',#2794,10.);
#777=VECTOR('',#2803,5.);
#778=VECTOR('',#2812,10.);
#779=VECTOR('',#2813,10.);
#780=VECTOR('',#2814,10.);
#781=VECTOR('',#2815,10.);
#782=VECTOR('',#2816,10.);
#783=VECTOR('',#2817,10.);
#784=VECTOR('',#2818,10.);
#785=VECTOR('',#2823,2.49999999999993);
#786=VECTOR('',#2830,10.);
#787=VECTOR('',#2831,10.);
#788=VECTOR('',#2832,10.);
#789=VECTOR('',#2835,10.);
#790=VECTOR('',#2836,10.);
#791=VECTOR('',#2837,10.);
#792=VECTOR('',#2838,10.);
#793=VECTOR('',#2839,10.);
#794=VECTOR('',#2840,10.);
#795=VECTOR('',#2843,10.);
#796=VECTOR('',#2848,10.);
#797=VECTOR('',#2857,10.);
#798=VECTOR('',#2858,10.);
#799=VECTOR('',#2865,5.075);
#800=VECTOR('',#2868,5.151125);
#801=VECTOR('',#2871,10.);
#802=VECTOR('',#2880,5.);
#803=VECTOR('',#2891,5.);
#804=VECTOR('',#2898,10.);
#805=VECTOR('',#2899,10.);
#806=VECTOR('',#2902,10.);
#807=VECTOR('',#2903,10.);
#808=VECTOR('',#2904,10.);
#809=VECTOR('',#2905,10.);
#810=VECTOR('',#2908,10.);
#811=VECTOR('',#2909,10.);
#812=VECTOR('',#2910,10.);
#813=VECTOR('',#2913,10.);
#814=VECTOR('',#2914,10.);
#815=VECTOR('',#2915,10.);
#816=CIRCLE('',#2160,3.);
#817=CIRCLE('',#2161,5.);
#818=CIRCLE('',#2162,5.);
#819=CIRCLE('',#2163,3.);
#820=CIRCLE('',#2167,5.075);
#821=CIRCLE('',#2168,5.075);
#822=CIRCLE('',#2171,3.);
#823=CIRCLE('',#2172,5.);
#824=CIRCLE('',#2173,5.);
#825=CIRCLE('',#2174,3.);
#826=CIRCLE('',#2182,5.075);
#827=CIRCLE('',#2206,5.075);
#828=CIRCLE('',#2209,5.);
#829=CIRCLE('',#2210,5.);
#830=CIRCLE('',#2214,3.);
#831=CIRCLE('',#2215,5.);
#832=CIRCLE('',#2216,5.);
#833=CIRCLE('',#2217,3.);
#834=CIRCLE('',#2221,5.075);
#835=CIRCLE('',#2223,5.075);
#836=CIRCLE('',#2226,3.);
#837=CIRCLE('',#2227,5.);
#838=CIRCLE('',#2228,5.);
#839=CIRCLE('',#2229,3.);
#840=CIRCLE('',#2236,5.075);
#841=CIRCLE('',#2249,5.075);
#842=CIRCLE('',#2263,5.);
#843=CIRCLE('',#2264,5.);
#844=CIRCLE('',#2268,5.075);
#845=CIRCLE('',#2269,5.075);
#846=CIRCLE('',#2274,2.5);
#847=CIRCLE('',#2275,2.5);
#848=CIRCLE('',#2280,5.075);
#849=CIRCLE('',#2282,5.151125);
#850=CIRCLE('',#2285,5.151125);
#851=CIRCLE('',#2287,5.075);
#852=CIRCLE('',#2294,5.);
#853=CIRCLE('',#2295,5.);
#854=CIRCLE('',#2300,2.49999999999993);
#855=CIRCLE('',#2301,2.49999999999993);
#856=CIRCLE('',#2306,5.151125);
#857=CIRCLE('',#2308,5.075);
#858=CIRCLE('',#2310,5.151125);
#859=CIRCLE('',#2313,5.075);
#860=CIRCLE('',#2320,5.);
#861=CIRCLE('',#2321,5.);
#862=CIRCLE('',#2325,5.);
#863=CIRCLE('',#2326,5.);
#864=VERTEX_POINT('',#2918);
#865=VERTEX_POINT('',#2919);
#866=VERTEX_POINT('',#2921);
#867=VERTEX_POINT('',#2923);
#868=VERTEX_POINT('',#2925);
#869=VERTEX_POINT('',#2927);
#870=VERTEX_POINT('',#2929);
#871=VERTEX_POINT('',#2931);
#872=VERTEX_POINT('',#2933);
#873=VERTEX_POINT('',#2935);
#874=VERTEX_POINT('',#2937);
#875=VERTEX_POINT('',#2939);
#876=VERTEX_POINT('',#2941);
#877=VERTEX_POINT('',#2943);
#878=VERTEX_POINT('',#2945);
#879=VERTEX_POINT('',#2947);
#880=VERTEX_POINT('',#2949);
#881=VERTEX_POINT('',#2951);
#882=VERTEX_POINT('',#2953);
#883=VERTEX_POINT('',#2957);
#884=VERTEX_POINT('',#2959);
#885=VERTEX_POINT('',#2963);
#886=VERTEX_POINT('',#2967);
#887=VERTEX_POINT('',#2969);
#888=VERTEX_POINT('',#2974);
#889=VERTEX_POINT('',#2975);
#890=VERTEX_POINT('',#2977);
#891=VERTEX_POINT('',#2979);
#892=VERTEX_POINT('',#2981);
#893=VERTEX_POINT('',#2983);
#894=VERTEX_POINT('',#2985);
#895=VERTEX_POINT('',#2987);
#896=VERTEX_POINT('',#2989);
#897=VERTEX_POINT('',#2992);
#898=VERTEX_POINT('',#2994);
#899=VERTEX_POINT('',#2996);
#900=VERTEX_POINT('',#2998);
#901=VERTEX_POINT('',#3000);
#902=VERTEX_POINT('',#3002);
#903=VERTEX_POINT('',#3004);
#904=VERTEX_POINT('',#3006);
#905=VERTEX_POINT('',#3008);
#906=VERTEX_POINT('',#3010);
#907=VERTEX_POINT('',#3012);
#908=VERTEX_POINT('',#3014);
#909=VERTEX_POINT('',#3016);
#910=VERTEX_POINT('',#3018);
#911=VERTEX_POINT('',#3020);
#912=VERTEX_POINT('',#3022);
#913=VERTEX_POINT('',#3024);
#914=VERTEX_POINT('',#3041);
#915=VERTEX_POINT('',#3054);
#916=VERTEX_POINT('',#3058);
#917=VERTEX_POINT('',#3063);
#918=VERTEX_POINT('',#3067);
#919=VERTEX_POINT('',#3068);
#920=VERTEX_POINT('',#3070);
#921=VERTEX_POINT('',#3072);
#922=VERTEX_POINT('',#3074);
#923=VERTEX_POINT('',#3076);
#924=VERTEX_POINT('',#3079);
#925=VERTEX_POINT('',#3081);
#926=VERTEX_POINT('',#3083);
#927=VERTEX_POINT('',#3111);
#928=VERTEX_POINT('',#3116);
#929=VERTEX_POINT('',#3118);
#930=VERTEX_POINT('',#3124);
#931=VERTEX_POINT('',#3125);
#932=VERTEX_POINT('',#3127);
#933=VERTEX_POINT('',#3129);
#934=VERTEX_POINT('',#3131);
#935=VERTEX_POINT('',#3133);
#936=VERTEX_POINT('',#3135);
#937=VERTEX_POINT('',#3137);
#938=VERTEX_POINT('',#3139);
#939=VERTEX_POINT('',#3141);
#940=VERTEX_POINT('',#3143);
#941=VERTEX_POINT('',#3145);
#942=VERTEX_POINT('',#3147);
#943=VERTEX_POINT('',#3149);
#944=VERTEX_POINT('',#3151);
#945=VERTEX_POINT('',#3153);
#946=VERTEX_POINT('',#3155);
#947=VERTEX_POINT('',#3157);
#948=VERTEX_POINT('',#3159);
#949=VERTEX_POINT('',#3163);
#950=VERTEX_POINT('',#3165);
#951=VERTEX_POINT('',#3169);
#952=VERTEX_POINT('',#3173);
#953=VERTEX_POINT('',#3176);
#954=VERTEX_POINT('',#3179);
#955=VERTEX_POINT('',#3184);
#956=VERTEX_POINT('',#3185);
#957=VERTEX_POINT('',#3187);
#958=VERTEX_POINT('',#3189);
#959=VERTEX_POINT('',#3191);
#960=VERTEX_POINT('',#3193);
#961=VERTEX_POINT('',#3195);
#962=VERTEX_POINT('',#3198);
#963=VERTEX_POINT('',#3200);
#964=VERTEX_POINT('',#3202);
#965=VERTEX_POINT('',#3204);
#966=VERTEX_POINT('',#3206);
#967=VERTEX_POINT('',#3208);
#968=VERTEX_POINT('',#3210);
#969=VERTEX_POINT('',#3212);
#970=VERTEX_POINT('',#3214);
#971=VERTEX_POINT('',#3216);
#972=VERTEX_POINT('',#3218);
#973=VERTEX_POINT('',#3220);
#974=VERTEX_POINT('',#3222);
#975=VERTEX_POINT('',#3224);
#976=VERTEX_POINT('',#3226);
#977=VERTEX_POINT('',#3228);
#978=VERTEX_POINT('',#3230);
#979=VERTEX_POINT('',#3232);
#980=VERTEX_POINT('',#3248);
#981=VERTEX_POINT('',#3262);
#982=VERTEX_POINT('',#3263);
#983=VERTEX_POINT('',#3265);
#984=VERTEX_POINT('',#3267);
#985=VERTEX_POINT('',#3269);
#986=VERTEX_POINT('',#3271);
#987=VERTEX_POINT('',#3273);
#988=VERTEX_POINT('',#3275);
#989=VERTEX_POINT('',#3277);
#990=VERTEX_POINT('',#3279);
#991=VERTEX_POINT('',#3281);
#992=VERTEX_POINT('',#3283);
#993=VERTEX_POINT('',#3296);
#994=VERTEX_POINT('',#3322);
#995=VERTEX_POINT('',#3324);
#996=VERTEX_POINT('',#3330);
#997=VERTEX_POINT('',#3332);
#998=VERTEX_POINT('',#3338);
#999=VERTEX_POINT('',#3339);
#1000=VERTEX_POINT('',#3341);
#1001=VERTEX_POINT('',#3343);
#1002=VERTEX_POINT('',#3345);
#1003=VERTEX_POINT('',#3347);
#1004=VERTEX_POINT('',#3349);
#1005=VERTEX_POINT('',#3353);
#1006=VERTEX_POINT('',#3355);
#1007=VERTEX_POINT('',#3360);
#1008=VERTEX_POINT('',#3361);
#1009=VERTEX_POINT('',#3366);
#1010=VERTEX_POINT('',#3368);
#1011=VERTEX_POINT('',#3370);
#1012=VERTEX_POINT('',#3372);
#1013=VERTEX_POINT('',#3374);
#1014=VERTEX_POINT('',#3379);
#1015=VERTEX_POINT('',#3382);
#1016=VERTEX_POINT('',#3389);
#1017=VERTEX_POINT('',#3392);
#1018=VERTEX_POINT('',#3403);
#1019=VERTEX_POINT('',#3405);
#1020=VERTEX_POINT('',#3411);
#1021=VERTEX_POINT('',#3412);
#1022=VERTEX_POINT('',#3414);
#1023=VERTEX_POINT('',#3416);
#1024=VERTEX_POINT('',#3418);
#1025=VERTEX_POINT('',#3420);
#1026=VERTEX_POINT('',#3422);
#1027=VERTEX_POINT('',#3426);
#1028=VERTEX_POINT('',#3428);
#1029=VERTEX_POINT('',#3433);
#1030=VERTEX_POINT('',#3434);
#1031=VERTEX_POINT('',#3439);
#1032=VERTEX_POINT('',#3441);
#1033=VERTEX_POINT('',#3443);
#1034=VERTEX_POINT('',#3445);
#1035=VERTEX_POINT('',#3447);
#1036=VERTEX_POINT('',#3452);
#1037=VERTEX_POINT('',#3456);
#1038=VERTEX_POINT('',#3459);
#1039=VERTEX_POINT('',#3465);
#1040=VERTEX_POINT('',#3476);
#1041=VERTEX_POINT('',#3478);
#1042=VERTEX_POINT('',#3484);
#1043=VERTEX_POINT('',#3486);
#1044=VERTEX_POINT('',#3541);
#1045=VERTEX_POINT('',#3542);
#1046=VERTEX_POINT('',#3748);
#1047=VERTEX_POINT('',#3750);
#1048=VERTEX_POINT('',#3958);
#1049=VERTEX_POINT('',#3960);
#1050=VERTEX_POINT('',#4013);
#1051=VERTEX_POINT('',#4174);
#1052=VERTEX_POINT('',#4337);
#1053=VERTEX_POINT('',#4339);
#1054=VERTEX_POINT('',#4343);
#1055=VERTEX_POINT('',#4345);
#1056=EDGE_CURVE('',#864,#865,#816,.T.);
#1057=EDGE_CURVE('',#865,#866,#344,.T.);
#1058=EDGE_CURVE('',#866,#867,#345,.T.);
#1059=EDGE_CURVE('',#867,#868,#817,.T.);
#1060=EDGE_CURVE('',#868,#869,#346,.T.);
#1061=EDGE_CURVE('',#869,#870,#347,.T.);
#1062=EDGE_CURVE('',#870,#871,#348,.T.);
#1063=EDGE_CURVE('',#871,#872,#349,.T.);
#1064=EDGE_CURVE('',#872,#873,#350,.T.);
#1065=EDGE_CURVE('',#873,#874,#351,.T.);
#1066=EDGE_CURVE('',#874,#875,#352,.T.);
#1067=EDGE_CURVE('',#875,#876,#353,.T.);
#1068=EDGE_CURVE('',#876,#877,#354,.T.);
#1069=EDGE_CURVE('',#877,#878,#355,.T.);
#1070=EDGE_CURVE('',#878,#879,#818,.T.);
#1071=EDGE_CURVE('',#879,#880,#356,.T.);
#1072=EDGE_CURVE('',#880,#881,#357,.T.);
#1073=EDGE_CURVE('',#881,#882,#819,.T.);
#1074=EDGE_CURVE('',#882,#864,#358,.T.);
#1075=EDGE_CURVE('',#873,#883,#359,.T.);
#1076=EDGE_CURVE('',#884,#872,#360,.T.);
#1077=EDGE_CURVE('',#883,#884,#361,.T.);
#1078=EDGE_CURVE('',#885,#871,#362,.T.);
#1079=EDGE_CURVE('',#885,#884,#363,.T.);
#1080=EDGE_CURVE('',#886,#886,#820,.T.);
#1081=EDGE_CURVE('',#886,#887,#364,.T.);
#1082=EDGE_CURVE('',#887,#887,#821,.T.);
#1083=EDGE_CURVE('',#888,#889,#822,.T.);
#1084=EDGE_CURVE('',#890,#888,#365,.T.);
#1085=EDGE_CURVE('',#891,#890,#366,.T.);
#1086=EDGE_CURVE('',#892,#891,#823,.T.);
#1087=EDGE_CURVE('',#893,#892,#367,.T.);
#1088=EDGE_CURVE('',#894,#893,#368,.T.);
#1089=EDGE_CURVE('',#895,#894,#369,.T.);
#1090=EDGE_CURVE('',#896,#895,#370,.T.);
#1091=EDGE_CURVE('',#883,#896,#371,.T.);
#1092=EDGE_CURVE('',#897,#885,#372,.T.);
#1093=EDGE_CURVE('',#898,#897,#373,.T.);
#1094=EDGE_CURVE('',#899,#898,#374,.T.);
#1095=EDGE_CURVE('',#900,#899,#824,.T.);
#1096=EDGE_CURVE('',#901,#900,#375,.T.);
#1097=EDGE_CURVE('',#902,#901,#376,.T.);
#1098=EDGE_CURVE('',#903,#902,#825,.T.);
#1099=EDGE_CURVE('',#904,#903,#377,.T.);
#1100=EDGE_CURVE('',#905,#904,#378,.T.);
#1101=EDGE_CURVE('',#906,#905,#379,.T.);
#1102=EDGE_CURVE('',#907,#906,#380,.T.);
#1103=EDGE_CURVE('',#908,#907,#381,.T.);
#1104=EDGE_CURVE('',#909,#908,#382,.T.);
#1105=EDGE_CURVE('',#910,#909,#383,.T.);
#1106=EDGE_CURVE('',#911,#910,#384,.T.);
#1107=EDGE_CURVE('',#912,#911,#385,.T.);
#1108=EDGE_CURVE('',#913,#912,#386,.T.);
#1109=EDGE_CURVE('',#889,#913,#387,.T.);
#1110=EDGE_CURVE('',#899,#868,#388,.T.);
#1111=EDGE_CURVE('',#867,#900,#389,.T.);
#1112=EDGE_CURVE('',#869,#898,#390,.T.);
#1113=EDGE_CURVE('',#870,#897,#391,.T.);
#1114=EDGE_CURVE('',#874,#896,#392,.T.);
#1115=EDGE_CURVE('',#875,#895,#393,.T.);
#1116=EDGE_CURVE('',#876,#894,#394,.T.);
#1117=EDGE_CURVE('',#914,#914,#826,.T.);
#1118=EDGE_CURVE('',#877,#893,#395,.T.);
#1119=EDGE_CURVE('',#878,#892,#396,.T.);
#1120=EDGE_CURVE('',#891,#879,#397,.T.);
#1121=EDGE_CURVE('',#880,#890,#398,.T.);
#1122=EDGE_CURVE('',#881,#888,#399,.T.);
#1123=EDGE_CURVE('',#889,#915,#400,.T.);
#1124=EDGE_CURVE('',#915,#882,#401,.T.);
#1125=EDGE_CURVE('',#915,#916,#402,.T.);
#1126=EDGE_CURVE('',#864,#916,#403,.T.);
#1127=EDGE_CURVE('',#916,#903,#404,.T.);
#1128=EDGE_CURVE('',#916,#917,#405,.T.);
#1129=EDGE_CURVE('',#917,#904,#406,.T.);
#1130=EDGE_CURVE('',#918,#919,#407,.T.);
#1131=EDGE_CURVE('',#920,#918,#408,.T.);
#1132=EDGE_CURVE('',#921,#920,#409,.T.);
#1133=EDGE_CURVE('',#922,#921,#410,.T.);
#1134=EDGE_CURVE('',#923,#922,#411,.T.);
#1135=EDGE_CURVE('',#917,#923,#412,.T.);
#1136=EDGE_CURVE('',#924,#915,#413,.T.);
#1137=EDGE_CURVE('',#925,#924,#414,.T.);
#1138=EDGE_CURVE('',#926,#925,#415,.T.);
#1139=EDGE_CURVE('',#919,#926,#416,.T.);
#1140=EDGE_CURVE('',#923,#905,#417,.T.);
#1141=EDGE_CURVE('',#922,#906,#418,.T.);
#1142=EDGE_CURVE('',#921,#907,#419,.T.);
#1143=EDGE_CURVE('',#920,#908,#420,.T.);
#1144=EDGE_CURVE('',#918,#909,#421,.T.);
#1145=EDGE_CURVE('',#919,#910,#422,.T.);
#1146=EDGE_CURVE('',#926,#911,#423,.T.);
#1147=EDGE_CURVE('',#925,#912,#424,.T.);
#1148=EDGE_CURVE('',#924,#913,#425,.T.);
#1149=EDGE_CURVE('',#866,#901,#426,.T.);
#1150=EDGE_CURVE('',#902,#865,#427,.T.);
#1151=EDGE_CURVE('',#914,#927,#428,.T.);
#1152=EDGE_CURVE('',#927,#927,#827,.T.);
#1153=EDGE_CURVE('',#928,#928,#828,.T.);
#1154=EDGE_CURVE('',#928,#929,#429,.T.);
#1155=EDGE_CURVE('',#929,#929,#829,.T.);
#1156=EDGE_CURVE('',#930,#931,#830,.T.);
#1157=EDGE_CURVE('',#931,#932,#430,.T.);
#1158=EDGE_CURVE('',#932,#933,#431,.T.);
#1159=EDGE_CURVE('',#933,#934,#831,.T.);
#1160=EDGE_CURVE('',#934,#935,#432,.T.);
#1161=EDGE_CURVE('',#935,#936,#433,.T.);
#1162=EDGE_CURVE('',#936,#937,#434,.T.);
#1163=EDGE_CURVE('',#937,#938,#435,.T.);
#1164=EDGE_CURVE('',#938,#939,#436,.T.);
#1165=EDGE_CURVE('',#939,#940,#437,.T.);
#1166=EDGE_CURVE('',#940,#941,#438,.T.);
#1167=EDGE_CURVE('',#941,#942,#439,.T.);
#1168=EDGE_CURVE('',#942,#943,#440,.T.);
#1169=EDGE_CURVE('',#943,#944,#441,.T.);
#1170=EDGE_CURVE('',#944,#945,#832,.T.);
#1171=EDGE_CURVE('',#945,#946,#442,.T.);
#1172=EDGE_CURVE('',#946,#947,#443,.T.);
#1173=EDGE_CURVE('',#947,#948,#833,.T.);
#1174=EDGE_CURVE('',#948,#930,#444,.T.);
#1175=EDGE_CURVE('',#949,#939,#445,.T.);
#1176=EDGE_CURVE('',#949,#950,#446,.T.);
#1177=EDGE_CURVE('',#950,#940,#447,.T.);
#1178=EDGE_CURVE('',#950,#951,#448,.T.);
#1179=EDGE_CURVE('',#951,#941,#449,.T.);
#1180=EDGE_CURVE('',#938,#952,#450,.T.);
#1181=EDGE_CURVE('',#952,#949,#451,.T.);
#1182=EDGE_CURVE('',#953,#953,#834,.T.);
#1183=EDGE_CURVE('',#953,#954,#452,.T.);
#1184=EDGE_CURVE('',#954,#954,#835,.T.);
#1185=EDGE_CURVE('',#955,#956,#836,.T.);
#1186=EDGE_CURVE('',#957,#955,#453,.T.);
#1187=EDGE_CURVE('',#958,#957,#454,.T.);
#1188=EDGE_CURVE('',#959,#958,#837,.T.);
#1189=EDGE_CURVE('',#960,#959,#455,.T.);
#1190=EDGE_CURVE('',#961,#960,#456,.T.);
#1191=EDGE_CURVE('',#951,#961,#457,.T.);
#1192=EDGE_CURVE('',#962,#952,#458,.T.);
#1193=EDGE_CURVE('',#963,#962,#459,.T.);
#1194=EDGE_CURVE('',#964,#963,#460,.T.);
#1195=EDGE_CURVE('',#965,#964,#461,.T.);
#1196=EDGE_CURVE('',#966,#965,#838,.T.);
#1197=EDGE_CURVE('',#967,#966,#462,.T.);
#1198=EDGE_CURVE('',#968,#967,#463,.T.);
#1199=EDGE_CURVE('',#969,#968,#839,.T.);
#1200=EDGE_CURVE('',#970,#969,#464,.T.);
#1201=EDGE_CURVE('',#971,#970,#465,.T.);
#1202=EDGE_CURVE('',#972,#971,#466,.T.);
#1203=EDGE_CURVE('',#973,#972,#467,.T.);
#1204=EDGE_CURVE('',#974,#973,#468,.T.);
#1205=EDGE_CURVE('',#975,#974,#469,.T.);
#1206=EDGE_CURVE('',#976,#975,#470,.T.);
#1207=EDGE_CURVE('',#977,#976,#471,.T.);
#1208=EDGE_CURVE('',#978,#977,#472,.T.);
#1209=EDGE_CURVE('',#979,#978,#473,.T.);
#1210=EDGE_CURVE('',#956,#979,#474,.T.);
#1211=EDGE_CURVE('',#932,#967,#475,.T.);
#1212=EDGE_CURVE('',#968,#931,#476,.T.);
#1213=EDGE_CURVE('',#933,#966,#477,.T.);
#1214=EDGE_CURVE('',#965,#934,#478,.T.);
#1215=EDGE_CURVE('',#935,#964,#479,.T.);
#1216=EDGE_CURVE('',#936,#963,#480,.T.);
#1217=EDGE_CURVE('',#937,#962,#481,.T.);
#1218=EDGE_CURVE('',#980,#980,#840,.T.);
#1219=EDGE_CURVE('',#942,#961,#482,.T.);
#1220=EDGE_CURVE('',#943,#960,#483,.T.);
#1221=EDGE_CURVE('',#944,#959,#484,.T.);
#1222=EDGE_CURVE('',#958,#945,#485,.T.);
#1223=EDGE_CURVE('',#946,#957,#486,.T.);
#1224=EDGE_CURVE('',#981,#982,#487,.T.);
#1225=EDGE_CURVE('',#983,#981,#488,.T.);
#1226=EDGE_CURVE('',#984,#983,#489,.T.);
#1227=EDGE_CURVE('',#985,#984,#490,.T.);
#1228=EDGE_CURVE('',#986,#985,#491,.T.);
#1229=EDGE_CURVE('',#987,#986,#492,.T.);
#1230=EDGE_CURVE('',#988,#987,#493,.T.);
#1231=EDGE_CURVE('',#988,#989,#494,.T.);
#1232=EDGE_CURVE('',#990,#989,#495,.T.);
#1233=EDGE_CURVE('',#991,#990,#496,.T.);
#1234=EDGE_CURVE('',#992,#991,#497,.T.);
#1235=EDGE_CURVE('',#982,#992,#498,.T.);
#1236=EDGE_CURVE('',#982,#976,#499,.T.);
#1237=EDGE_CURVE('',#992,#977,#500,.T.);
#1238=EDGE_CURVE('',#991,#978,#501,.T.);
#1239=EDGE_CURVE('',#990,#979,#502,.T.);
#1240=EDGE_CURVE('',#956,#989,#503,.T.);
#1241=EDGE_CURVE('',#980,#993,#504,.T.);
#1242=EDGE_CURVE('',#993,#993,#841,.T.);
#1243=EDGE_CURVE('',#930,#988,#505,.T.);
#1244=EDGE_CURVE('',#989,#948,#506,.T.);
#1245=EDGE_CURVE('',#988,#969,#507,.T.);
#1246=EDGE_CURVE('',#987,#970,#508,.T.);
#1247=EDGE_CURVE('',#986,#971,#509,.T.);
#1248=EDGE_CURVE('',#985,#972,#510,.T.);
#1249=EDGE_CURVE('',#984,#973,#511,.T.);
#1250=EDGE_CURVE('',#983,#974,#512,.T.);
#1251=EDGE_CURVE('',#981,#975,#513,.T.);
#1252=EDGE_CURVE('',#947,#955,#514,.T.);
#1253=EDGE_CURVE('',#994,#994,#842,.T.);
#1254=EDGE_CURVE('',#994,#995,#515,.T.);
#1255=EDGE_CURVE('',#995,#995,#843,.T.);
#1256=EDGE_CURVE('',#996,#996,#844,.T.);
#1257=EDGE_CURVE('',#996,#997,#516,.T.);
#1258=EDGE_CURVE('',#997,#997,#845,.T.);
#1259=EDGE_CURVE('',#998,#999,#517,.T.);
#1260=EDGE_CURVE('',#999,#1000,#518,.T.);
#1261=EDGE_CURVE('',#1000,#1001,#519,.T.);
#1262=EDGE_CURVE('',#1001,#1002,#520,.T.);
#1263=EDGE_CURVE('',#1002,#1003,#521,.T.);
#1264=EDGE_CURVE('',#1003,#1004,#522,.T.);
#1265=EDGE_CURVE('',#1004,#998,#523,.T.);
#1266=EDGE_CURVE('',#1005,#1005,#846,.T.);
#1267=EDGE_CURVE('',#1005,#1006,#524,.T.);
#1268=EDGE_CURVE('',#1006,#1006,#847,.T.);
#1269=EDGE_CURVE('',#1007,#1008,#525,.T.);
#1270=EDGE_CURVE('',#1008,#999,#526,.T.);
#1271=EDGE_CURVE('',#998,#1007,#527,.T.);
#1272=EDGE_CURVE('',#1009,#1007,#528,.T.);
#1273=EDGE_CURVE('',#1010,#1009,#529,.T.);
#1274=EDGE_CURVE('',#1010,#1011,#530,.T.);
#1275=EDGE_CURVE('',#1012,#1011,#531,.T.);
#1276=EDGE_CURVE('',#1013,#1012,#532,.T.);
#1277=EDGE_CURVE('',#1008,#1013,#533,.T.);
#1278=EDGE_CURVE('',#1009,#1004,#534,.T.);
#1279=EDGE_CURVE('',#1014,#1014,#848,.T.);
#1280=EDGE_CURVE('',#1015,#1015,#849,.T.);
#1281=EDGE_CURVE('',#1012,#1001,#535,.T.);
#1282=EDGE_CURVE('',#1011,#1002,#536,.T.);
#1283=EDGE_CURVE('',#1000,#1013,#537,.T.);
#1284=EDGE_CURVE('',#1016,#1016,#850,.T.);
#1285=EDGE_CURVE('',#1017,#1017,#851,.T.);
#1286=EDGE_CURVE('',#1017,#1014,#538,.T.);
#1287=EDGE_CURVE('',#1016,#1015,#539,.T.);
#1288=EDGE_CURVE('',#1003,#1010,#540,.T.);
#1289=EDGE_CURVE('',#1018,#1018,#852,.T.);
#1290=EDGE_CURVE('',#1018,#1019,#541,.T.);
#1291=EDGE_CURVE('',#1019,#1019,#853,.T.);
#1292=EDGE_CURVE('',#1020,#1021,#542,.T.);
#1293=EDGE_CURVE('',#1021,#1022,#543,.T.);
#1294=EDGE_CURVE('',#1022,#1023,#544,.T.);
#1295=EDGE_CURVE('',#1023,#1024,#545,.T.);
#1296=EDGE_CURVE('',#1024,#1025,#546,.T.);
#1297=EDGE_CURVE('',#1025,#1026,#547,.T.);
#1298=EDGE_CURVE('',#1026,#1020,#548,.T.);
#1299=EDGE_CURVE('',#1027,#1027,#854,.T.);
#1300=EDGE_CURVE('',#1027,#1028,#549,.T.);
#1301=EDGE_CURVE('',#1028,#1028,#855,.T.);
#1302=EDGE_CURVE('',#1029,#1030,#550,.T.);
#1303=EDGE_CURVE('',#1030,#1021,#551,.T.);
#1304=EDGE_CURVE('',#1020,#1029,#552,.T.);
#1305=EDGE_CURVE('',#1031,#1029,#553,.T.);
#1306=EDGE_CURVE('',#1031,#1032,#554,.T.);
#1307=EDGE_CURVE('',#1032,#1033,#555,.T.);
#1308=EDGE_CURVE('',#1034,#1033,#556,.T.);
#1309=EDGE_CURVE('',#1034,#1035,#557,.T.);
#1310=EDGE_CURVE('',#1030,#1035,#558,.T.);
#1311=EDGE_CURVE('',#1026,#1031,#559,.T.);
#1312=EDGE_CURVE('',#1036,#1036,#856,.T.);
#1313=EDGE_CURVE('',#1035,#1022,#560,.T.);
#1314=EDGE_CURVE('',#1037,#1037,#857,.T.);
#1315=EDGE_CURVE('',#1038,#1038,#858,.T.);
#1316=EDGE_CURVE('',#1033,#1024,#561,.T.);
#1317=EDGE_CURVE('',#1025,#1032,#562,.T.);
#1318=EDGE_CURVE('',#1039,#1039,#859,.T.);
#1319=EDGE_CURVE('',#1039,#1037,#563,.T.);
#1320=EDGE_CURVE('',#1036,#1038,#564,.T.);
#1321=EDGE_CURVE('',#1023,#1034,#565,.T.);
#1322=EDGE_CURVE('',#1040,#1040,#860,.T.);
#1323=EDGE_CURVE('',#1040,#1041,#566,.T.);
#1324=EDGE_CURVE('',#1041,#1041,#861,.T.);
#1325=EDGE_CURVE('',#1042,#1042,#862,.T.);
#1326=EDGE_CURVE('',#1042,#1043,#567,.T.);
#1327=EDGE_CURVE('',#1043,#1043,#863,.T.);
#1328=EDGE_CURVE('',#1044,#1045,#13,.T.);
#1329=EDGE_CURVE('',#1044,#1046,#568,.T.);
#1330=EDGE_CURVE('',#1047,#1046,#14,.T.);
#1331=EDGE_CURVE('',#1045,#1047,#569,.T.);
#1332=EDGE_CURVE('',#1045,#1048,#570,.T.);
#1333=EDGE_CURVE('',#1049,#1047,#571,.T.);
#1334=EDGE_CURVE('',#1048,#1049,#572,.T.);
#1335=EDGE_CURVE('',#1048,#1050,#15,.T.);
#1336=EDGE_CURVE('',#1051,#1049,#16,.T.);
#1337=EDGE_CURVE('',#1050,#1051,#573,.T.);
#1338=EDGE_CURVE('',#1050,#1052,#574,.T.);
#1339=EDGE_CURVE('',#1053,#1051,#575,.T.);
#1340=EDGE_CURVE('',#1052,#1053,#576,.T.);
#1341=EDGE_CURVE('',#1054,#1044,#577,.T.);
#1342=EDGE_CURVE('',#1054,#1055,#578,.T.);
#1343=EDGE_CURVE('',#1046,#1055,#579,.T.);
#1344=ORIENTED_EDGE('',*,*,#1056,.T.);
#1345=ORIENTED_EDGE('',*,*,#1057,.T.);
#1346=ORIENTED_EDGE('',*,*,#1058,.T.);
#1347=ORIENTED_EDGE('',*,*,#1059,.T.);
#1348=ORIENTED_EDGE('',*,*,#1060,.T.);
#1349=ORIENTED_EDGE('',*,*,#1061,.T.);
#1350=ORIENTED_EDGE('',*,*,#1062,.T.);
#1351=ORIENTED_EDGE('',*,*,#1063,.T.);
#1352=ORIENTED_EDGE('',*,*,#1064,.T.);
#1353=ORIENTED_EDGE('',*,*,#1065,.T.);
#1354=ORIENTED_EDGE('',*,*,#1066,.T.);
#1355=ORIENTED_EDGE('',*,*,#1067,.T.);
#1356=ORIENTED_EDGE('',*,*,#1068,.T.);
#1357=ORIENTED_EDGE('',*,*,#1069,.T.);
#1358=ORIENTED_EDGE('',*,*,#1070,.T.);
#1359=ORIENTED_EDGE('',*,*,#1071,.T.);
#1360=ORIENTED_EDGE('',*,*,#1072,.T.);
#1361=ORIENTED_EDGE('',*,*,#1073,.T.);
#1362=ORIENTED_EDGE('',*,*,#1074,.T.);
#1363=ORIENTED_EDGE('',*,*,#1075,.F.);
#1364=ORIENTED_EDGE('',*,*,#1064,.F.);
#1365=ORIENTED_EDGE('',*,*,#1076,.F.);
#1366=ORIENTED_EDGE('',*,*,#1077,.F.);
#1367=ORIENTED_EDGE('',*,*,#1078,.F.);
#1368=ORIENTED_EDGE('',*,*,#1079,.T.);
#1369=ORIENTED_EDGE('',*,*,#1076,.T.);
#1370=ORIENTED_EDGE('',*,*,#1063,.F.);
#1371=ORIENTED_EDGE('',*,*,#1080,.F.);
#1372=ORIENTED_EDGE('',*,*,#1081,.T.);
#1373=ORIENTED_EDGE('',*,*,#1082,.T.);
#1374=ORIENTED_EDGE('',*,*,#1081,.F.);
#1375=ORIENTED_EDGE('',*,*,#1082,.F.);
#1376=ORIENTED_EDGE('',*,*,#1083,.F.);
#1377=ORIENTED_EDGE('',*,*,#1084,.F.);
#1378=ORIENTED_EDGE('',*,*,#1085,.F.);
#1379=ORIENTED_EDGE('',*,*,#1086,.F.);
#1380=ORIENTED_EDGE('',*,*,#1087,.F.);
#1381=ORIENTED_EDGE('',*,*,#1088,.F.);
#1382=ORIENTED_EDGE('',*,*,#1089,.F.);
#1383=ORIENTED_EDGE('',*,*,#1090,.F.);
#1384=ORIENTED_EDGE('',*,*,#1091,.F.);
#1385=ORIENTED_EDGE('',*,*,#1077,.T.);
#1386=ORIENTED_EDGE('',*,*,#1079,.F.);
#1387=ORIENTED_EDGE('',*,*,#1092,.F.);
#1388=ORIENTED_EDGE('',*,*,#1093,.F.);
#1389=ORIENTED_EDGE('',*,*,#1094,.F.);
#1390=ORIENTED_EDGE('',*,*,#1095,.F.);
#1391=ORIENTED_EDGE('',*,*,#1096,.F.);
#1392=ORIENTED_EDGE('',*,*,#1097,.F.);
#1393=ORIENTED_EDGE('',*,*,#1098,.F.);
#1394=ORIENTED_EDGE('',*,*,#1099,.F.);
#1395=ORIENTED_EDGE('',*,*,#1100,.F.);
#1396=ORIENTED_EDGE('',*,*,#1101,.F.);
#1397=ORIENTED_EDGE('',*,*,#1102,.F.);
#1398=ORIENTED_EDGE('',*,*,#1103,.F.);
#1399=ORIENTED_EDGE('',*,*,#1104,.F.);
#1400=ORIENTED_EDGE('',*,*,#1105,.F.);
#1401=ORIENTED_EDGE('',*,*,#1106,.F.);
#1402=ORIENTED_EDGE('',*,*,#1107,.F.);
#1403=ORIENTED_EDGE('',*,*,#1108,.F.);
#1404=ORIENTED_EDGE('',*,*,#1109,.F.);
#1405=ORIENTED_EDGE('',*,*,#1095,.T.);
#1406=ORIENTED_EDGE('',*,*,#1110,.T.);
#1407=ORIENTED_EDGE('',*,*,#1059,.F.);
#1408=ORIENTED_EDGE('',*,*,#1111,.T.);
#1409=ORIENTED_EDGE('',*,*,#1094,.T.);
#1410=ORIENTED_EDGE('',*,*,#1112,.F.);
#1411=ORIENTED_EDGE('',*,*,#1060,.F.);
#1412=ORIENTED_EDGE('',*,*,#1110,.F.);
#1413=ORIENTED_EDGE('',*,*,#1093,.T.);
#1414=ORIENTED_EDGE('',*,*,#1113,.F.);
#1415=ORIENTED_EDGE('',*,*,#1061,.F.);
#1416=ORIENTED_EDGE('',*,*,#1112,.T.);
#1417=ORIENTED_EDGE('',*,*,#1092,.T.);
#1418=ORIENTED_EDGE('',*,*,#1078,.T.);
#1419=ORIENTED_EDGE('',*,*,#1062,.F.);
#1420=ORIENTED_EDGE('',*,*,#1113,.T.);
#1421=ORIENTED_EDGE('',*,*,#1075,.T.);
#1422=ORIENTED_EDGE('',*,*,#1091,.T.);
#1423=ORIENTED_EDGE('',*,*,#1114,.F.);
#1424=ORIENTED_EDGE('',*,*,#1065,.F.);
#1425=ORIENTED_EDGE('',*,*,#1080,.T.);
#1426=ORIENTED_EDGE('',*,*,#1090,.T.);
#1427=ORIENTED_EDGE('',*,*,#1115,.F.);
#1428=ORIENTED_EDGE('',*,*,#1066,.F.);
#1429=ORIENTED_EDGE('',*,*,#1114,.T.);
#1430=ORIENTED_EDGE('',*,*,#1089,.T.);
#1431=ORIENTED_EDGE('',*,*,#1116,.F.);
#1432=ORIENTED_EDGE('',*,*,#1067,.F.);
#1433=ORIENTED_EDGE('',*,*,#1115,.T.);
#1434=ORIENTED_EDGE('',*,*,#1117,.T.);
#1435=ORIENTED_EDGE('',*,*,#1088,.T.);
#1436=ORIENTED_EDGE('',*,*,#1118,.F.);
#1437=ORIENTED_EDGE('',*,*,#1068,.F.);
#1438=ORIENTED_EDGE('',*,*,#1116,.T.);
#1439=ORIENTED_EDGE('',*,*,#1087,.T.);
#1440=ORIENTED_EDGE('',*,*,#1119,.F.);
#1441=ORIENTED_EDGE('',*,*,#1069,.F.);
#1442=ORIENTED_EDGE('',*,*,#1118,.T.);
#1443=ORIENTED_EDGE('',*,*,#1086,.T.);
#1444=ORIENTED_EDGE('',*,*,#1120,.T.);
#1445=ORIENTED_EDGE('',*,*,#1070,.F.);
#1446=ORIENTED_EDGE('',*,*,#1119,.T.);
#1447=ORIENTED_EDGE('',*,*,#1085,.T.);
#1448=ORIENTED_EDGE('',*,*,#1121,.F.);
#1449=ORIENTED_EDGE('',*,*,#1071,.F.);
#1450=ORIENTED_EDGE('',*,*,#1120,.F.);
#1451=ORIENTED_EDGE('',*,*,#1084,.T.);
#1452=ORIENTED_EDGE('',*,*,#1122,.F.);
#1453=ORIENTED_EDGE('',*,*,#1072,.F.);
#1454=ORIENTED_EDGE('',*,*,#1121,.T.);
#1455=ORIENTED_EDGE('',*,*,#1083,.T.);
#1456=ORIENTED_EDGE('',*,*,#1123,.T.);
#1457=ORIENTED_EDGE('',*,*,#1124,.T.);
#1458=ORIENTED_EDGE('',*,*,#1073,.F.);
#1459=ORIENTED_EDGE('',*,*,#1122,.T.);
#1460=ORIENTED_EDGE('',*,*,#1125,.T.);
#1461=ORIENTED_EDGE('',*,*,#1126,.F.);
#1462=ORIENTED_EDGE('',*,*,#1074,.F.);
#1463=ORIENTED_EDGE('',*,*,#1124,.F.);
#1464=ORIENTED_EDGE('',*,*,#1099,.T.);
#1465=ORIENTED_EDGE('',*,*,#1127,.F.);
#1466=ORIENTED_EDGE('',*,*,#1128,.T.);
#1467=ORIENTED_EDGE('',*,*,#1129,.T.);
#1468=ORIENTED_EDGE('',*,*,#1130,.F.);
#1469=ORIENTED_EDGE('',*,*,#1131,.F.);
#1470=ORIENTED_EDGE('',*,*,#1132,.F.);
#1471=ORIENTED_EDGE('',*,*,#1133,.F.);
#1472=ORIENTED_EDGE('',*,*,#1134,.F.);
#1473=ORIENTED_EDGE('',*,*,#1135,.F.);
#1474=ORIENTED_EDGE('',*,*,#1128,.F.);
#1475=ORIENTED_EDGE('',*,*,#1125,.F.);
#1476=ORIENTED_EDGE('',*,*,#1136,.F.);
#1477=ORIENTED_EDGE('',*,*,#1137,.F.);
#1478=ORIENTED_EDGE('',*,*,#1138,.F.);
#1479=ORIENTED_EDGE('',*,*,#1139,.F.);
#1480=ORIENTED_EDGE('',*,*,#1100,.T.);
#1481=ORIENTED_EDGE('',*,*,#1129,.F.);
#1482=ORIENTED_EDGE('',*,*,#1135,.T.);
#1483=ORIENTED_EDGE('',*,*,#1140,.T.);
#1484=ORIENTED_EDGE('',*,*,#1101,.T.);
#1485=ORIENTED_EDGE('',*,*,#1140,.F.);
#1486=ORIENTED_EDGE('',*,*,#1134,.T.);
#1487=ORIENTED_EDGE('',*,*,#1141,.T.);
#1488=ORIENTED_EDGE('',*,*,#1102,.T.);
#1489=ORIENTED_EDGE('',*,*,#1141,.F.);
#1490=ORIENTED_EDGE('',*,*,#1133,.T.);
#1491=ORIENTED_EDGE('',*,*,#1142,.T.);
#1492=ORIENTED_EDGE('',*,*,#1103,.T.);
#1493=ORIENTED_EDGE('',*,*,#1142,.F.);
#1494=ORIENTED_EDGE('',*,*,#1132,.T.);
#1495=ORIENTED_EDGE('',*,*,#1143,.T.);
#1496=ORIENTED_EDGE('',*,*,#1104,.T.);
#1497=ORIENTED_EDGE('',*,*,#1143,.F.);
#1498=ORIENTED_EDGE('',*,*,#1131,.T.);
#1499=ORIENTED_EDGE('',*,*,#1144,.T.);
#1500=ORIENTED_EDGE('',*,*,#1105,.T.);
#1501=ORIENTED_EDGE('',*,*,#1144,.F.);
#1502=ORIENTED_EDGE('',*,*,#1130,.T.);
#1503=ORIENTED_EDGE('',*,*,#1145,.T.);
#1504=ORIENTED_EDGE('',*,*,#1106,.T.);
#1505=ORIENTED_EDGE('',*,*,#1145,.F.);
#1506=ORIENTED_EDGE('',*,*,#1139,.T.);
#1507=ORIENTED_EDGE('',*,*,#1146,.T.);
#1508=ORIENTED_EDGE('',*,*,#1107,.T.);
#1509=ORIENTED_EDGE('',*,*,#1146,.F.);
#1510=ORIENTED_EDGE('',*,*,#1138,.T.);
#1511=ORIENTED_EDGE('',*,*,#1147,.T.);
#1512=ORIENTED_EDGE('',*,*,#1108,.T.);
#1513=ORIENTED_EDGE('',*,*,#1147,.F.);
#1514=ORIENTED_EDGE('',*,*,#1137,.T.);
#1515=ORIENTED_EDGE('',*,*,#1148,.T.);
#1516=ORIENTED_EDGE('',*,*,#1109,.T.);
#1517=ORIENTED_EDGE('',*,*,#1148,.F.);
#1518=ORIENTED_EDGE('',*,*,#1136,.T.);
#1519=ORIENTED_EDGE('',*,*,#1123,.F.);
#1520=ORIENTED_EDGE('',*,*,#1097,.T.);
#1521=ORIENTED_EDGE('',*,*,#1149,.F.);
#1522=ORIENTED_EDGE('',*,*,#1057,.F.);
#1523=ORIENTED_EDGE('',*,*,#1150,.F.);
#1524=ORIENTED_EDGE('',*,*,#1098,.T.);
#1525=ORIENTED_EDGE('',*,*,#1150,.T.);
#1526=ORIENTED_EDGE('',*,*,#1056,.F.);
#1527=ORIENTED_EDGE('',*,*,#1126,.T.);
#1528=ORIENTED_EDGE('',*,*,#1127,.T.);
#1529=ORIENTED_EDGE('',*,*,#1096,.T.);
#1530=ORIENTED_EDGE('',*,*,#1111,.F.);
#1531=ORIENTED_EDGE('',*,*,#1058,.F.);
#1532=ORIENTED_EDGE('',*,*,#1149,.T.);
#1533=ORIENTED_EDGE('',*,*,#1117,.F.);
#1534=ORIENTED_EDGE('',*,*,#1151,.T.);
#1535=ORIENTED_EDGE('',*,*,#1152,.T.);
#1536=ORIENTED_EDGE('',*,*,#1151,.F.);
#1537=ORIENTED_EDGE('',*,*,#1152,.F.);
#1538=ORIENTED_EDGE('',*,*,#1153,.F.);
#1539=ORIENTED_EDGE('',*,*,#1154,.T.);
#1540=ORIENTED_EDGE('',*,*,#1155,.T.);
#1541=ORIENTED_EDGE('',*,*,#1154,.F.);
#1542=ORIENTED_EDGE('',*,*,#1153,.T.);
#1543=ORIENTED_EDGE('',*,*,#1155,.F.);
#1544=ORIENTED_EDGE('',*,*,#1156,.T.);
#1545=ORIENTED_EDGE('',*,*,#1157,.T.);
#1546=ORIENTED_EDGE('',*,*,#1158,.T.);
#1547=ORIENTED_EDGE('',*,*,#1159,.T.);
#1548=ORIENTED_EDGE('',*,*,#1160,.T.);
#1549=ORIENTED_EDGE('',*,*,#1161,.T.);
#1550=ORIENTED_EDGE('',*,*,#1162,.T.);
#1551=ORIENTED_EDGE('',*,*,#1163,.T.);
#1552=ORIENTED_EDGE('',*,*,#1164,.T.);
#1553=ORIENTED_EDGE('',*,*,#1165,.T.);
#1554=ORIENTED_EDGE('',*,*,#1166,.T.);
#1555=ORIENTED_EDGE('',*,*,#1167,.T.);
#1556=ORIENTED_EDGE('',*,*,#1168,.T.);
#1557=ORIENTED_EDGE('',*,*,#1169,.T.);
#1558=ORIENTED_EDGE('',*,*,#1170,.T.);
#1559=ORIENTED_EDGE('',*,*,#1171,.T.);
#1560=ORIENTED_EDGE('',*,*,#1172,.T.);
#1561=ORIENTED_EDGE('',*,*,#1173,.T.);
#1562=ORIENTED_EDGE('',*,*,#1174,.T.);
#1563=ORIENTED_EDGE('',*,*,#1175,.F.);
#1564=ORIENTED_EDGE('',*,*,#1176,.T.);
#1565=ORIENTED_EDGE('',*,*,#1177,.T.);
#1566=ORIENTED_EDGE('',*,*,#1165,.F.);
#1567=ORIENTED_EDGE('',*,*,#1177,.F.);
#1568=ORIENTED_EDGE('',*,*,#1178,.T.);
#1569=ORIENTED_EDGE('',*,*,#1179,.T.);
#1570=ORIENTED_EDGE('',*,*,#1166,.F.);
#1571=ORIENTED_EDGE('',*,*,#1175,.T.);
#1572=ORIENTED_EDGE('',*,*,#1164,.F.);
#1573=ORIENTED_EDGE('',*,*,#1180,.T.);
#1574=ORIENTED_EDGE('',*,*,#1181,.T.);
#1575=ORIENTED_EDGE('',*,*,#1182,.T.);
#1576=ORIENTED_EDGE('',*,*,#1182,.F.);
#1577=ORIENTED_EDGE('',*,*,#1183,.T.);
#1578=ORIENTED_EDGE('',*,*,#1184,.T.);
#1579=ORIENTED_EDGE('',*,*,#1183,.F.);
#1580=ORIENTED_EDGE('',*,*,#1184,.F.);
#1581=ORIENTED_EDGE('',*,*,#1185,.F.);
#1582=ORIENTED_EDGE('',*,*,#1186,.F.);
#1583=ORIENTED_EDGE('',*,*,#1187,.F.);
#1584=ORIENTED_EDGE('',*,*,#1188,.F.);
#1585=ORIENTED_EDGE('',*,*,#1189,.F.);
#1586=ORIENTED_EDGE('',*,*,#1190,.F.);
#1587=ORIENTED_EDGE('',*,*,#1191,.F.);
#1588=ORIENTED_EDGE('',*,*,#1178,.F.);
#1589=ORIENTED_EDGE('',*,*,#1176,.F.);
#1590=ORIENTED_EDGE('',*,*,#1181,.F.);
#1591=ORIENTED_EDGE('',*,*,#1192,.F.);
#1592=ORIENTED_EDGE('',*,*,#1193,.F.);
#1593=ORIENTED_EDGE('',*,*,#1194,.F.);
#1594=ORIENTED_EDGE('',*,*,#1195,.F.);
#1595=ORIENTED_EDGE('',*,*,#1196,.F.);
#1596=ORIENTED_EDGE('',*,*,#1197,.F.);
#1597=ORIENTED_EDGE('',*,*,#1198,.F.);
#1598=ORIENTED_EDGE('',*,*,#1199,.F.);
#1599=ORIENTED_EDGE('',*,*,#1200,.F.);
#1600=ORIENTED_EDGE('',*,*,#1201,.F.);
#1601=ORIENTED_EDGE('',*,*,#1202,.F.);
#1602=ORIENTED_EDGE('',*,*,#1203,.F.);
#1603=ORIENTED_EDGE('',*,*,#1204,.F.);
#1604=ORIENTED_EDGE('',*,*,#1205,.F.);
#1605=ORIENTED_EDGE('',*,*,#1206,.F.);
#1606=ORIENTED_EDGE('',*,*,#1207,.F.);
#1607=ORIENTED_EDGE('',*,*,#1208,.F.);
#1608=ORIENTED_EDGE('',*,*,#1209,.F.);
#1609=ORIENTED_EDGE('',*,*,#1210,.F.);
#1610=ORIENTED_EDGE('',*,*,#1198,.T.);
#1611=ORIENTED_EDGE('',*,*,#1211,.F.);
#1612=ORIENTED_EDGE('',*,*,#1157,.F.);
#1613=ORIENTED_EDGE('',*,*,#1212,.F.);
#1614=ORIENTED_EDGE('',*,*,#1197,.T.);
#1615=ORIENTED_EDGE('',*,*,#1213,.F.);
#1616=ORIENTED_EDGE('',*,*,#1158,.F.);
#1617=ORIENTED_EDGE('',*,*,#1211,.T.);
#1618=ORIENTED_EDGE('',*,*,#1196,.T.);
#1619=ORIENTED_EDGE('',*,*,#1214,.T.);
#1620=ORIENTED_EDGE('',*,*,#1159,.F.);
#1621=ORIENTED_EDGE('',*,*,#1213,.T.);
#1622=ORIENTED_EDGE('',*,*,#1195,.T.);
#1623=ORIENTED_EDGE('',*,*,#1215,.F.);
#1624=ORIENTED_EDGE('',*,*,#1160,.F.);
#1625=ORIENTED_EDGE('',*,*,#1214,.F.);
#1626=ORIENTED_EDGE('',*,*,#1194,.T.);
#1627=ORIENTED_EDGE('',*,*,#1216,.F.);
#1628=ORIENTED_EDGE('',*,*,#1161,.F.);
#1629=ORIENTED_EDGE('',*,*,#1215,.T.);
#1630=ORIENTED_EDGE('',*,*,#1193,.T.);
#1631=ORIENTED_EDGE('',*,*,#1217,.F.);
#1632=ORIENTED_EDGE('',*,*,#1162,.F.);
#1633=ORIENTED_EDGE('',*,*,#1216,.T.);
#1634=ORIENTED_EDGE('',*,*,#1218,.T.);
#1635=ORIENTED_EDGE('',*,*,#1192,.T.);
#1636=ORIENTED_EDGE('',*,*,#1180,.F.);
#1637=ORIENTED_EDGE('',*,*,#1163,.F.);
#1638=ORIENTED_EDGE('',*,*,#1217,.T.);
#1639=ORIENTED_EDGE('',*,*,#1191,.T.);
#1640=ORIENTED_EDGE('',*,*,#1219,.F.);
#1641=ORIENTED_EDGE('',*,*,#1167,.F.);
#1642=ORIENTED_EDGE('',*,*,#1179,.F.);
#1643=ORIENTED_EDGE('',*,*,#1190,.T.);
#1644=ORIENTED_EDGE('',*,*,#1220,.F.);
#1645=ORIENTED_EDGE('',*,*,#1168,.F.);
#1646=ORIENTED_EDGE('',*,*,#1219,.T.);
#1647=ORIENTED_EDGE('',*,*,#1189,.T.);
#1648=ORIENTED_EDGE('',*,*,#1221,.F.);
#1649=ORIENTED_EDGE('',*,*,#1169,.F.);
#1650=ORIENTED_EDGE('',*,*,#1220,.T.);
#1651=ORIENTED_EDGE('',*,*,#1188,.T.);
#1652=ORIENTED_EDGE('',*,*,#1222,.T.);
#1653=ORIENTED_EDGE('',*,*,#1170,.F.);
#1654=ORIENTED_EDGE('',*,*,#1221,.T.);
#1655=ORIENTED_EDGE('',*,*,#1187,.T.);
#1656=ORIENTED_EDGE('',*,*,#1223,.F.);
#1657=ORIENTED_EDGE('',*,*,#1171,.F.);
#1658=ORIENTED_EDGE('',*,*,#1222,.F.);
#1659=ORIENTED_EDGE('',*,*,#1224,.F.);
#1660=ORIENTED_EDGE('',*,*,#1225,.F.);
#1661=ORIENTED_EDGE('',*,*,#1226,.F.);
#1662=ORIENTED_EDGE('',*,*,#1227,.F.);
#1663=ORIENTED_EDGE('',*,*,#1228,.F.);
#1664=ORIENTED_EDGE('',*,*,#1229,.F.);
#1665=ORIENTED_EDGE('',*,*,#1230,.F.);
#1666=ORIENTED_EDGE('',*,*,#1231,.T.);
#1667=ORIENTED_EDGE('',*,*,#1232,.F.);
#1668=ORIENTED_EDGE('',*,*,#1233,.F.);
#1669=ORIENTED_EDGE('',*,*,#1234,.F.);
#1670=ORIENTED_EDGE('',*,*,#1235,.F.);
#1671=ORIENTED_EDGE('',*,*,#1207,.T.);
#1672=ORIENTED_EDGE('',*,*,#1236,.F.);
#1673=ORIENTED_EDGE('',*,*,#1235,.T.);
#1674=ORIENTED_EDGE('',*,*,#1237,.T.);
#1675=ORIENTED_EDGE('',*,*,#1208,.T.);
#1676=ORIENTED_EDGE('',*,*,#1237,.F.);
#1677=ORIENTED_EDGE('',*,*,#1234,.T.);
#1678=ORIENTED_EDGE('',*,*,#1238,.T.);
#1679=ORIENTED_EDGE('',*,*,#1209,.T.);
#1680=ORIENTED_EDGE('',*,*,#1238,.F.);
#1681=ORIENTED_EDGE('',*,*,#1233,.T.);
#1682=ORIENTED_EDGE('',*,*,#1239,.T.);
#1683=ORIENTED_EDGE('',*,*,#1210,.T.);
#1684=ORIENTED_EDGE('',*,*,#1239,.F.);
#1685=ORIENTED_EDGE('',*,*,#1232,.T.);
#1686=ORIENTED_EDGE('',*,*,#1240,.F.);
#1687=ORIENTED_EDGE('',*,*,#1218,.F.);
#1688=ORIENTED_EDGE('',*,*,#1241,.T.);
#1689=ORIENTED_EDGE('',*,*,#1242,.T.);
#1690=ORIENTED_EDGE('',*,*,#1241,.F.);
#1691=ORIENTED_EDGE('',*,*,#1242,.F.);
#1692=ORIENTED_EDGE('',*,*,#1243,.F.);
#1693=ORIENTED_EDGE('',*,*,#1174,.F.);
#1694=ORIENTED_EDGE('',*,*,#1244,.F.);
#1695=ORIENTED_EDGE('',*,*,#1231,.F.);
#1696=ORIENTED_EDGE('',*,*,#1200,.T.);
#1697=ORIENTED_EDGE('',*,*,#1245,.F.);
#1698=ORIENTED_EDGE('',*,*,#1230,.T.);
#1699=ORIENTED_EDGE('',*,*,#1246,.T.);
#1700=ORIENTED_EDGE('',*,*,#1201,.T.);
#1701=ORIENTED_EDGE('',*,*,#1246,.F.);
#1702=ORIENTED_EDGE('',*,*,#1229,.T.);
#1703=ORIENTED_EDGE('',*,*,#1247,.T.);
#1704=ORIENTED_EDGE('',*,*,#1202,.T.);
#1705=ORIENTED_EDGE('',*,*,#1247,.F.);
#1706=ORIENTED_EDGE('',*,*,#1228,.T.);
#1707=ORIENTED_EDGE('',*,*,#1248,.T.);
#1708=ORIENTED_EDGE('',*,*,#1203,.T.);
#1709=ORIENTED_EDGE('',*,*,#1248,.F.);
#1710=ORIENTED_EDGE('',*,*,#1227,.T.);
#1711=ORIENTED_EDGE('',*,*,#1249,.T.);
#1712=ORIENTED_EDGE('',*,*,#1204,.T.);
#1713=ORIENTED_EDGE('',*,*,#1249,.F.);
#1714=ORIENTED_EDGE('',*,*,#1226,.T.);
#1715=ORIENTED_EDGE('',*,*,#1250,.T.);
#1716=ORIENTED_EDGE('',*,*,#1205,.T.);
#1717=ORIENTED_EDGE('',*,*,#1250,.F.);
#1718=ORIENTED_EDGE('',*,*,#1225,.T.);
#1719=ORIENTED_EDGE('',*,*,#1251,.T.);
#1720=ORIENTED_EDGE('',*,*,#1206,.T.);
#1721=ORIENTED_EDGE('',*,*,#1251,.F.);
#1722=ORIENTED_EDGE('',*,*,#1224,.T.);
#1723=ORIENTED_EDGE('',*,*,#1236,.T.);
#1724=ORIENTED_EDGE('',*,*,#1199,.T.);
#1725=ORIENTED_EDGE('',*,*,#1212,.T.);
#1726=ORIENTED_EDGE('',*,*,#1156,.F.);
#1727=ORIENTED_EDGE('',*,*,#1243,.T.);
#1728=ORIENTED_EDGE('',*,*,#1245,.T.);
#1729=ORIENTED_EDGE('',*,*,#1185,.T.);
#1730=ORIENTED_EDGE('',*,*,#1240,.T.);
#1731=ORIENTED_EDGE('',*,*,#1244,.T.);
#1732=ORIENTED_EDGE('',*,*,#1173,.F.);
#1733=ORIENTED_EDGE('',*,*,#1252,.T.);
#1734=ORIENTED_EDGE('',*,*,#1186,.T.);
#1735=ORIENTED_EDGE('',*,*,#1252,.F.);
#1736=ORIENTED_EDGE('',*,*,#1172,.F.);
#1737=ORIENTED_EDGE('',*,*,#1223,.T.);
#1738=ORIENTED_EDGE('',*,*,#1253,.F.);
#1739=ORIENTED_EDGE('',*,*,#1254,.T.);
#1740=ORIENTED_EDGE('',*,*,#1255,.T.);
#1741=ORIENTED_EDGE('',*,*,#1254,.F.);
#1742=ORIENTED_EDGE('',*,*,#1253,.T.);
#1743=ORIENTED_EDGE('',*,*,#1255,.F.);
#1744=ORIENTED_EDGE('',*,*,#1256,.F.);
#1745=ORIENTED_EDGE('',*,*,#1257,.T.);
#1746=ORIENTED_EDGE('',*,*,#1258,.T.);
#1747=ORIENTED_EDGE('',*,*,#1257,.F.);
#1748=ORIENTED_EDGE('',*,*,#1256,.T.);
#1749=ORIENTED_EDGE('',*,*,#1258,.F.);
#1750=ORIENTED_EDGE('',*,*,#1259,.T.);
#1751=ORIENTED_EDGE('',*,*,#1260,.T.);
#1752=ORIENTED_EDGE('',*,*,#1261,.T.);
#1753=ORIENTED_EDGE('',*,*,#1262,.T.);
#1754=ORIENTED_EDGE('',*,*,#1263,.T.);
#1755=ORIENTED_EDGE('',*,*,#1264,.T.);
#1756=ORIENTED_EDGE('',*,*,#1265,.T.);
#1757=ORIENTED_EDGE('',*,*,#1266,.F.);
#1758=ORIENTED_EDGE('',*,*,#1267,.T.);
#1759=ORIENTED_EDGE('',*,*,#1268,.F.);
#1760=ORIENTED_EDGE('',*,*,#1267,.F.);
#1761=ORIENTED_EDGE('',*,*,#1266,.T.);
#1762=ORIENTED_EDGE('',*,*,#1269,.T.);
#1763=ORIENTED_EDGE('',*,*,#1270,.T.);
#1764=ORIENTED_EDGE('',*,*,#1259,.F.);
#1765=ORIENTED_EDGE('',*,*,#1271,.T.);
#1766=ORIENTED_EDGE('',*,*,#1269,.F.);
#1767=ORIENTED_EDGE('',*,*,#1272,.F.);
#1768=ORIENTED_EDGE('',*,*,#1273,.F.);
#1769=ORIENTED_EDGE('',*,*,#1274,.T.);
#1770=ORIENTED_EDGE('',*,*,#1275,.F.);
#1771=ORIENTED_EDGE('',*,*,#1276,.F.);
#1772=ORIENTED_EDGE('',*,*,#1277,.F.);
#1773=ORIENTED_EDGE('',*,*,#1268,.T.);
#1774=ORIENTED_EDGE('',*,*,#1271,.F.);
#1775=ORIENTED_EDGE('',*,*,#1265,.F.);
#1776=ORIENTED_EDGE('',*,*,#1278,.F.);
#1777=ORIENTED_EDGE('',*,*,#1272,.T.);
#1778=ORIENTED_EDGE('',*,*,#1279,.T.);
#1779=ORIENTED_EDGE('',*,*,#1280,.F.);
#1780=ORIENTED_EDGE('',*,*,#1281,.F.);
#1781=ORIENTED_EDGE('',*,*,#1275,.T.);
#1782=ORIENTED_EDGE('',*,*,#1282,.T.);
#1783=ORIENTED_EDGE('',*,*,#1262,.F.);
#1784=ORIENTED_EDGE('',*,*,#1270,.F.);
#1785=ORIENTED_EDGE('',*,*,#1277,.T.);
#1786=ORIENTED_EDGE('',*,*,#1283,.F.);
#1787=ORIENTED_EDGE('',*,*,#1260,.F.);
#1788=ORIENTED_EDGE('',*,*,#1284,.T.);
#1789=ORIENTED_EDGE('',*,*,#1285,.F.);
#1790=ORIENTED_EDGE('',*,*,#1285,.T.);
#1791=ORIENTED_EDGE('',*,*,#1286,.T.);
#1792=ORIENTED_EDGE('',*,*,#1279,.F.);
#1793=ORIENTED_EDGE('',*,*,#1286,.F.);
#1794=ORIENTED_EDGE('',*,*,#1284,.F.);
#1795=ORIENTED_EDGE('',*,*,#1287,.T.);
#1796=ORIENTED_EDGE('',*,*,#1280,.T.);
#1797=ORIENTED_EDGE('',*,*,#1287,.F.);
#1798=ORIENTED_EDGE('',*,*,#1288,.T.);
#1799=ORIENTED_EDGE('',*,*,#1273,.T.);
#1800=ORIENTED_EDGE('',*,*,#1278,.T.);
#1801=ORIENTED_EDGE('',*,*,#1264,.F.);
#1802=ORIENTED_EDGE('',*,*,#1283,.T.);
#1803=ORIENTED_EDGE('',*,*,#1276,.T.);
#1804=ORIENTED_EDGE('',*,*,#1281,.T.);
#1805=ORIENTED_EDGE('',*,*,#1261,.F.);
#1806=ORIENTED_EDGE('',*,*,#1282,.F.);
#1807=ORIENTED_EDGE('',*,*,#1274,.F.);
#1808=ORIENTED_EDGE('',*,*,#1288,.F.);
#1809=ORIENTED_EDGE('',*,*,#1263,.F.);
#1810=ORIENTED_EDGE('',*,*,#1289,.F.);
#1811=ORIENTED_EDGE('',*,*,#1290,.T.);
#1812=ORIENTED_EDGE('',*,*,#1291,.T.);
#1813=ORIENTED_EDGE('',*,*,#1290,.F.);
#1814=ORIENTED_EDGE('',*,*,#1289,.T.);
#1815=ORIENTED_EDGE('',*,*,#1291,.F.);
#1816=ORIENTED_EDGE('',*,*,#1292,.T.);
#1817=ORIENTED_EDGE('',*,*,#1293,.T.);
#1818=ORIENTED_EDGE('',*,*,#1294,.T.);
#1819=ORIENTED_EDGE('',*,*,#1295,.T.);
#1820=ORIENTED_EDGE('',*,*,#1296,.T.);
#1821=ORIENTED_EDGE('',*,*,#1297,.T.);
#1822=ORIENTED_EDGE('',*,*,#1298,.T.);
#1823=ORIENTED_EDGE('',*,*,#1299,.F.);
#1824=ORIENTED_EDGE('',*,*,#1300,.T.);
#1825=ORIENTED_EDGE('',*,*,#1301,.F.);
#1826=ORIENTED_EDGE('',*,*,#1300,.F.);
#1827=ORIENTED_EDGE('',*,*,#1299,.T.);
#1828=ORIENTED_EDGE('',*,*,#1302,.T.);
#1829=ORIENTED_EDGE('',*,*,#1303,.T.);
#1830=ORIENTED_EDGE('',*,*,#1292,.F.);
#1831=ORIENTED_EDGE('',*,*,#1304,.T.);
#1832=ORIENTED_EDGE('',*,*,#1302,.F.);
#1833=ORIENTED_EDGE('',*,*,#1305,.F.);
#1834=ORIENTED_EDGE('',*,*,#1306,.T.);
#1835=ORIENTED_EDGE('',*,*,#1307,.T.);
#1836=ORIENTED_EDGE('',*,*,#1308,.F.);
#1837=ORIENTED_EDGE('',*,*,#1309,.T.);
#1838=ORIENTED_EDGE('',*,*,#1310,.F.);
#1839=ORIENTED_EDGE('',*,*,#1301,.T.);
#1840=ORIENTED_EDGE('',*,*,#1304,.F.);
#1841=ORIENTED_EDGE('',*,*,#1298,.F.);
#1842=ORIENTED_EDGE('',*,*,#1311,.T.);
#1843=ORIENTED_EDGE('',*,*,#1305,.T.);
#1844=ORIENTED_EDGE('',*,*,#1312,.F.);
#1845=ORIENTED_EDGE('',*,*,#1303,.F.);
#1846=ORIENTED_EDGE('',*,*,#1310,.T.);
#1847=ORIENTED_EDGE('',*,*,#1313,.T.);
#1848=ORIENTED_EDGE('',*,*,#1293,.F.);
#1849=ORIENTED_EDGE('',*,*,#1314,.T.);
#1850=ORIENTED_EDGE('',*,*,#1315,.T.);
#1851=ORIENTED_EDGE('',*,*,#1316,.F.);
#1852=ORIENTED_EDGE('',*,*,#1307,.F.);
#1853=ORIENTED_EDGE('',*,*,#1317,.F.);
#1854=ORIENTED_EDGE('',*,*,#1296,.F.);
#1855=ORIENTED_EDGE('',*,*,#1318,.T.);
#1856=ORIENTED_EDGE('',*,*,#1318,.F.);
#1857=ORIENTED_EDGE('',*,*,#1319,.T.);
#1858=ORIENTED_EDGE('',*,*,#1314,.F.);
#1859=ORIENTED_EDGE('',*,*,#1319,.F.);
#1860=ORIENTED_EDGE('',*,*,#1312,.T.);
#1861=ORIENTED_EDGE('',*,*,#1320,.T.);
#1862=ORIENTED_EDGE('',*,*,#1315,.F.);
#1863=ORIENTED_EDGE('',*,*,#1320,.F.);
#1864=ORIENTED_EDGE('',*,*,#1313,.F.);
#1865=ORIENTED_EDGE('',*,*,#1309,.F.);
#1866=ORIENTED_EDGE('',*,*,#1321,.F.);
#1867=ORIENTED_EDGE('',*,*,#1294,.F.);
#1868=ORIENTED_EDGE('',*,*,#1311,.F.);
#1869=ORIENTED_EDGE('',*,*,#1297,.F.);
#1870=ORIENTED_EDGE('',*,*,#1317,.T.);
#1871=ORIENTED_EDGE('',*,*,#1306,.F.);
#1872=ORIENTED_EDGE('',*,*,#1321,.T.);
#1873=ORIENTED_EDGE('',*,*,#1308,.T.);
#1874=ORIENTED_EDGE('',*,*,#1316,.T.);
#1875=ORIENTED_EDGE('',*,*,#1295,.F.);
#1876=ORIENTED_EDGE('',*,*,#1322,.F.);
#1877=ORIENTED_EDGE('',*,*,#1323,.T.);
#1878=ORIENTED_EDGE('',*,*,#1324,.T.);
#1879=ORIENTED_EDGE('',*,*,#1323,.F.);
#1880=ORIENTED_EDGE('',*,*,#1322,.T.);
#1881=ORIENTED_EDGE('',*,*,#1324,.F.);
#1882=ORIENTED_EDGE('',*,*,#1325,.F.);
#1883=ORIENTED_EDGE('',*,*,#1326,.T.);
#1884=ORIENTED_EDGE('',*,*,#1327,.T.);
#1885=ORIENTED_EDGE('',*,*,#1326,.F.);
#1886=ORIENTED_EDGE('',*,*,#1325,.T.);
#1887=ORIENTED_EDGE('',*,*,#1327,.F.);
#1888=ORIENTED_EDGE('',*,*,#1328,.F.);
#1889=ORIENTED_EDGE('',*,*,#1329,.T.);
#1890=ORIENTED_EDGE('',*,*,#1330,.F.);
#1891=ORIENTED_EDGE('',*,*,#1331,.F.);
#1892=ORIENTED_EDGE('',*,*,#1332,.F.);
#1893=ORIENTED_EDGE('',*,*,#1331,.T.);
#1894=ORIENTED_EDGE('',*,*,#1333,.F.);
#1895=ORIENTED_EDGE('',*,*,#1334,.F.);
#1896=ORIENTED_EDGE('',*,*,#1335,.F.);
#1897=ORIENTED_EDGE('',*,*,#1334,.T.);
#1898=ORIENTED_EDGE('',*,*,#1336,.F.);
#1899=ORIENTED_EDGE('',*,*,#1337,.F.);
#1900=ORIENTED_EDGE('',*,*,#1338,.F.);
#1901=ORIENTED_EDGE('',*,*,#1337,.T.);
#1902=ORIENTED_EDGE('',*,*,#1339,.F.);
#1903=ORIENTED_EDGE('',*,*,#1340,.F.);
#1904=ORIENTED_EDGE('',*,*,#1341,.F.);
#1905=ORIENTED_EDGE('',*,*,#1342,.T.);
#1906=ORIENTED_EDGE('',*,*,#1343,.F.);
#1907=ORIENTED_EDGE('',*,*,#1329,.F.);
#1908=PLANE('',#2159);
#1909=PLANE('',#2164);
#1910=PLANE('',#2165);
#1911=PLANE('',#2169);
#1912=PLANE('',#2170);
#1913=PLANE('',#2176);
#1914=PLANE('',#2177);
#1915=PLANE('',#2178);
#1916=PLANE('',#2179);
#1917=PLANE('',#2180);
#1918=PLANE('',#2181);
#1919=PLANE('',#2183);
#1920=PLANE('',#2184);
#1921=PLANE('',#2186);
#1922=PLANE('',#2187);
#1923=PLANE('',#2189);
#1924=PLANE('',#2190);
#1925=PLANE('',#2191);
#1926=PLANE('',#2192);
#1927=PLANE('',#2193);
#1928=PLANE('',#2194);
#1929=PLANE('',#2195);
#1930=PLANE('',#2196);
#1931=PLANE('',#2197);
#1932=PLANE('',#2198);
#1933=PLANE('',#2199);
#1934=PLANE('',#2200);
#1935=PLANE('',#2201);
#1936=PLANE('',#2202);
#1937=PLANE('',#2204);
#1938=PLANE('',#2207);
#1939=PLANE('',#2211);
#1940=PLANE('',#2212);
#1941=PLANE('',#2213);
#1942=PLANE('',#2218);
#1943=PLANE('',#2219);
#1944=PLANE('',#2220);
#1945=PLANE('',#2224);
#1946=PLANE('',#2225);
#1947=PLANE('',#2230);
#1948=PLANE('',#2231);
#1949=PLANE('',#2233);
#1950=PLANE('',#2234);
#1951=PLANE('',#2235);
#1952=PLANE('',#2237);
#1953=PLANE('',#2238);
#1954=PLANE('',#2239);
#1955=PLANE('',#2240);
#1956=PLANE('',#2242);
#1957=PLANE('',#2243);
#1958=PLANE('',#2244);
#1959=PLANE('',#2245);
#1960=PLANE('',#2246);
#1961=PLANE('',#2247);
#1962=PLANE('',#2250);
#1963=PLANE('',#2251);
#1964=PLANE('',#2252);
#1965=PLANE('',#2253);
#1966=PLANE('',#2254);
#1967=PLANE('',#2255);
#1968=PLANE('',#2256);
#1969=PLANE('',#2257);
#1970=PLANE('',#2258);
#1971=PLANE('',#2261);
#1972=PLANE('',#2265);
#1973=PLANE('',#2266);
#1974=PLANE('',#2270);
#1975=PLANE('',#2271);
#1976=PLANE('',#2272);
#1977=PLANE('',#2276);
#1978=PLANE('',#2277);
#1979=PLANE('',#2278);
#1980=PLANE('',#2279);
#1981=PLANE('',#2281);
#1982=PLANE('',#2283);
#1983=PLANE('',#2284);
#1984=PLANE('',#2286);
#1985=PLANE('',#2290);
#1986=PLANE('',#2291);
#1987=PLANE('',#2292);
#1988=PLANE('',#2296);
#1989=PLANE('',#2297);
#1990=PLANE('',#2298);
#1991=PLANE('',#2302);
#1992=PLANE('',#2303);
#1993=PLANE('',#2304);
#1994=PLANE('',#2305);
#1995=PLANE('',#2307);
#1996=PLANE('',#2309);
#1997=PLANE('',#2311);
#1998=PLANE('',#2312);
#1999=PLANE('',#2316);
#2000=PLANE('',#2317);
#2001=PLANE('',#2318);
#2002=PLANE('',#2322);
#2003=PLANE('',#2323);
#2004=PLANE('',#2327);
#2005=PLANE('',#2328);
#2006=PLANE('',#2329);
#2007=PLANE('',#2330);
#2008=PLANE('',#2331);
#2009=ADVANCED_FACE('',(#80),#1908,.T.);
#2010=ADVANCED_FACE('',(#81),#1909,.T.);
#2011=ADVANCED_FACE('',(#82),#1910,.T.);
#2012=ADVANCED_FACE('',(#83),#56,.F.);
#2013=ADVANCED_FACE('',(#84),#1911,.T.);
#2014=ADVANCED_FACE('',(#85),#1912,.T.);
#2015=ADVANCED_FACE('',(#86),#57,.F.);
#2016=ADVANCED_FACE('',(#87),#1913,.T.);
#2017=ADVANCED_FACE('',(#88),#1914,.T.);
#2018=ADVANCED_FACE('',(#89),#1915,.T.);
#2019=ADVANCED_FACE('',(#90,#46),#1916,.T.);
#2020=ADVANCED_FACE('',(#91),#1917,.T.);
#2021=ADVANCED_FACE('',(#92,#47),#1918,.T.);
#2022=ADVANCED_FACE('',(#93),#1919,.T.);
#2023=ADVANCED_FACE('',(#94),#1920,.T.);
#2024=ADVANCED_FACE('',(#95),#58,.F.);
#2025=ADVANCED_FACE('',(#96),#1921,.T.);
#2026=ADVANCED_FACE('',(#97),#1922,.T.);
#2027=ADVANCED_FACE('',(#98),#59,.T.);
#2028=ADVANCED_FACE('',(#99),#1923,.T.);
#2029=ADVANCED_FACE('',(#100),#1924,.T.);
#2030=ADVANCED_FACE('',(#101),#1925,.T.);
#2031=ADVANCED_FACE('',(#102),#1926,.T.);
#2032=ADVANCED_FACE('',(#103),#1927,.T.);
#2033=ADVANCED_FACE('',(#104),#1928,.T.);
#2034=ADVANCED_FACE('',(#105),#1929,.T.);
#2035=ADVANCED_FACE('',(#106),#1930,.T.);
#2036=ADVANCED_FACE('',(#107),#1931,.T.);
#2037=ADVANCED_FACE('',(#108),#1932,.T.);
#2038=ADVANCED_FACE('',(#109),#1933,.T.);
#2039=ADVANCED_FACE('',(#110),#1934,.T.);
#2040=ADVANCED_FACE('',(#111),#1935,.T.);
#2041=ADVANCED_FACE('',(#112),#1936,.T.);
#2042=ADVANCED_FACE('',(#113),#60,.T.);
#2043=ADVANCED_FACE('',(#114),#1937,.T.);
#2044=ADVANCED_FACE('',(#115),#61,.F.);
#2045=ADVANCED_FACE('',(#116),#1938,.T.);
#2046=ADVANCED_FACE('',(#117),#62,.T.);
#2047=ADVANCED_FACE('',(#118),#1939,.T.);
#2048=ADVANCED_FACE('',(#119),#1940,.F.);
#2049=ADVANCED_FACE('',(#120),#1941,.T.);
#2050=ADVANCED_FACE('',(#121),#1942,.T.);
#2051=ADVANCED_FACE('',(#122),#1943,.T.);
#2052=ADVANCED_FACE('',(#123,#48),#1944,.T.);
#2053=ADVANCED_FACE('',(#124),#63,.F.);
#2054=ADVANCED_FACE('',(#125),#1945,.T.);
#2055=ADVANCED_FACE('',(#126),#1946,.T.);
#2056=ADVANCED_FACE('',(#127),#1947,.T.);
#2057=ADVANCED_FACE('',(#128),#1948,.T.);
#2058=ADVANCED_FACE('',(#129),#64,.F.);
#2059=ADVANCED_FACE('',(#130),#1949,.T.);
#2060=ADVANCED_FACE('',(#131),#1950,.T.);
#2061=ADVANCED_FACE('',(#132,#49),#1951,.T.);
#2062=ADVANCED_FACE('',(#133),#1952,.T.);
#2063=ADVANCED_FACE('',(#134),#1953,.T.);
#2064=ADVANCED_FACE('',(#135),#1954,.T.);
#2065=ADVANCED_FACE('',(#136),#1955,.T.);
#2066=ADVANCED_FACE('',(#137),#65,.F.);
#2067=ADVANCED_FACE('',(#138),#1956,.T.);
#2068=ADVANCED_FACE('',(#139),#1957,.T.);
#2069=ADVANCED_FACE('',(#140),#1958,.T.);
#2070=ADVANCED_FACE('',(#141),#1959,.T.);
#2071=ADVANCED_FACE('',(#142),#1960,.T.);
#2072=ADVANCED_FACE('',(#143),#1961,.T.);
#2073=ADVANCED_FACE('',(#144),#66,.F.);
#2074=ADVANCED_FACE('',(#145),#1962,.T.);
#2075=ADVANCED_FACE('',(#146),#1963,.T.);
#2076=ADVANCED_FACE('',(#147),#1964,.T.);
#2077=ADVANCED_FACE('',(#148),#1965,.T.);
#2078=ADVANCED_FACE('',(#149),#1966,.T.);
#2079=ADVANCED_FACE('',(#150),#1967,.T.);
#2080=ADVANCED_FACE('',(#151),#1968,.T.);
#2081=ADVANCED_FACE('',(#152),#1969,.T.);
#2082=ADVANCED_FACE('',(#153),#1970,.T.);
#2083=ADVANCED_FACE('',(#154),#67,.T.);
#2084=ADVANCED_FACE('',(#155),#68,.T.);
#2085=ADVANCED_FACE('',(#156),#1971,.T.);
#2086=ADVANCED_FACE('',(#157),#69,.T.);
#2087=ADVANCED_FACE('',(#158),#1972,.T.);
#2088=ADVANCED_FACE('',(#159),#1973,.F.);
#2089=ADVANCED_FACE('',(#160),#70,.T.);
#2090=ADVANCED_FACE('',(#161),#1974,.T.);
#2091=ADVANCED_FACE('',(#162),#1975,.F.);
#2092=ADVANCED_FACE('',(#163),#1976,.T.);
#2093=ADVANCED_FACE('',(#164),#71,.T.);
#2094=ADVANCED_FACE('',(#165),#1977,.T.);
#2095=ADVANCED_FACE('',(#166),#1978,.T.);
#2096=ADVANCED_FACE('',(#167,#50),#1979,.T.);
#2097=ADVANCED_FACE('',(#168,#51),#1980,.T.);
#2098=ADVANCED_FACE('',(#169),#1981,.F.);
#2099=ADVANCED_FACE('',(#170),#1982,.T.);
#2100=ADVANCED_FACE('',(#171,#52),#1983,.T.);
#2101=ADVANCED_FACE('',(#172),#1984,.T.);
#2102=ADVANCED_FACE('',(#173),#72,.F.);
#2103=ADVANCED_FACE('',(#174),#73,.F.);
#2104=ADVANCED_FACE('',(#175),#1985,.T.);
#2105=ADVANCED_FACE('',(#176),#1986,.T.);
#2106=ADVANCED_FACE('',(#177),#1987,.T.);
#2107=ADVANCED_FACE('',(#178),#74,.T.);
#2108=ADVANCED_FACE('',(#179),#1988,.T.);
#2109=ADVANCED_FACE('',(#180),#1989,.F.);
#2110=ADVANCED_FACE('',(#181),#1990,.T.);
#2111=ADVANCED_FACE('',(#182),#75,.T.);
#2112=ADVANCED_FACE('',(#183),#1991,.T.);
#2113=ADVANCED_FACE('',(#184),#1992,.T.);
#2114=ADVANCED_FACE('',(#185,#53),#1993,.F.);
#2115=ADVANCED_FACE('',(#186,#54),#1994,.F.);
#2116=ADVANCED_FACE('',(#187,#55),#1995,.F.);
#2117=ADVANCED_FACE('',(#188),#1996,.T.);
#2118=ADVANCED_FACE('',(#189),#1997,.F.);
#2119=ADVANCED_FACE('',(#190),#1998,.F.);
#2120=ADVANCED_FACE('',(#191),#76,.F.);
#2121=ADVANCED_FACE('',(#192),#77,.F.);
#2122=ADVANCED_FACE('',(#193),#1999,.F.);
#2123=ADVANCED_FACE('',(#194),#2000,.F.);
#2124=ADVANCED_FACE('',(#195),#2001,.F.);
#2125=ADVANCED_FACE('',(#196),#78,.T.);
#2126=ADVANCED_FACE('',(#197),#2002,.T.);
#2127=ADVANCED_FACE('',(#198),#2003,.F.);
#2128=ADVANCED_FACE('',(#199),#79,.T.);
#2129=ADVANCED_FACE('',(#200),#2004,.T.);
#2130=ADVANCED_FACE('',(#201),#2005,.F.);
#2131=ADVANCED_FACE('',(#202),#17,.T.);
#2132=ADVANCED_FACE('',(#203),#2006,.T.);
#2133=ADVANCED_FACE('',(#204),#18,.T.);
#2134=ADVANCED_FACE('',(#205),#2007,.T.);
#2135=ADVANCED_FACE('',(#206),#2008,.T.);
#2136=CLOSED_SHELL('',(#2009,#2010,#2011,#2012,#2013,#2014,#2015,#2016,
#2017,#2018,#2019,#2020,#2021,#2022,#2023,#2024,#2025,#2026,#2027,#2028,
#2029,#2030,#2031,#2032,#2033,#2034,#2035,#2036,#2037,#2038,#2039,#2040,
#2041,#2042,#2043,#2044,#2045));
#2137=CLOSED_SHELL('',(#2046,#2047,#2048));
#2138=CLOSED_SHELL('',(#2049,#2050,#2051,#2052,#2053,#2054,#2055,#2056,
#2057,#2058,#2059,#2060,#2061,#2062,#2063,#2064,#2065,#2066,#2067,#2068,
#2069,#2070,#2071,#2072,#2073,#2074,#2075,#2076,#2077,#2078,#2079,#2080,
#2081,#2082,#2083,#2084,#2085));
#2139=CLOSED_SHELL('',(#2086,#2087,#2088));
#2140=CLOSED_SHELL('',(#2089,#2090,#2091));
#2141=CLOSED_SHELL('',(#2092,#2093,#2094,#2095,#2096,#2097,#2098,#2099,
#2100,#2101,#2102,#2103,#2104,#2105,#2106));
#2142=CLOSED_SHELL('',(#2107,#2108,#2109));
#2143=CLOSED_SHELL('',(#2110,#2111,#2112,#2113,#2114,#2115,#2116,#2117,
#2118,#2119,#2120,#2121,#2122,#2123,#2124));
#2144=CLOSED_SHELL('',(#2125,#2126,#2127));
#2145=CLOSED_SHELL('',(#2128,#2129,#2130));
#2146=DERIVED_UNIT_ELEMENT(#2148,1.);
#2147=DERIVED_UNIT_ELEMENT(#4353,-3.);
#2148=(
MASS_UNIT()
NAMED_UNIT(*)
SI_UNIT(.KILO.,.GRAM.)
);
#2149=DERIVED_UNIT((#2146,#2147));
#2150=MEASURE_REPRESENTATION_ITEM('density measure',
POSITIVE_RATIO_MEASURE(7850.),#2149);
#2151=PROPERTY_DEFINITION_REPRESENTATION(#2156,#2153);
#2152=PROPERTY_DEFINITION_REPRESENTATION(#2157,#2154);
#2153=REPRESENTATION('material name',(#2155),#4350);
#2154=REPRESENTATION('density',(#2150),#4350);
#2155=DESCRIPTIVE_REPRESENTATION_ITEM('Steel','Steel');
#2156=PROPERTY_DEFINITION('material property','material name',#4360);
#2157=PROPERTY_DEFINITION('material property','density of part',#4360);
#2158=AXIS2_PLACEMENT_3D('',#2916,#2332,#2333);
#2159=AXIS2_PLACEMENT_3D('',#2917,#2334,#2335);
#2160=AXIS2_PLACEMENT_3D('',#2920,#2336,#2337);
#2161=AXIS2_PLACEMENT_3D('',#2926,#2340,#2341);
#2162=AXIS2_PLACEMENT_3D('',#2948,#2352,#2353);
#2163=AXIS2_PLACEMENT_3D('',#2954,#2356,#2357);
#2164=AXIS2_PLACEMENT_3D('',#2956,#2359,#2360);
#2165=AXIS2_PLACEMENT_3D('',#2962,#2364,#2365);
#2166=AXIS2_PLACEMENT_3D('',#2966,#2368,#2369);
#2167=AXIS2_PLACEMENT_3D('',#2968,#2370,#2371);
#2168=AXIS2_PLACEMENT_3D('',#2971,#2373,#2374);
#2169=AXIS2_PLACEMENT_3D('',#2972,#2375,#2376);
#2170=AXIS2_PLACEMENT_3D('',#2973,#2377,#2378);
#2171=AXIS2_PLACEMENT_3D('',#2976,#2379,#2380);
#2172=AXIS2_PLACEMENT_3D('',#2982,#2383,#2384);
#2173=AXIS2_PLACEMENT_3D('',#2999,#2393,#2394);
#2174=AXIS2_PLACEMENT_3D('',#3005,#2397,#2398);
#2175=AXIS2_PLACEMENT_3D('',#3027,#2410,#2411);
#2176=AXIS2_PLACEMENT_3D('',#3030,#2414,#2415);
#2177=AXIS2_PLACEMENT_3D('',#3032,#2417,#2418);
#2178=AXIS2_PLACEMENT_3D('',#3034,#2420,#2421);
#2179=AXIS2_PLACEMENT_3D('',#3035,#2422,#2423);
#2180=AXIS2_PLACEMENT_3D('',#3037,#2425,#2426);
#2181=AXIS2_PLACEMENT_3D('',#3039,#2428,#2429);
#2182=AXIS2_PLACEMENT_3D('',#3042,#2431,#2432);
#2183=AXIS2_PLACEMENT_3D('',#3043,#2433,#2434);
#2184=AXIS2_PLACEMENT_3D('',#3045,#2436,#2437);
#2185=AXIS2_PLACEMENT_3D('',#3047,#2439,#2440);
#2186=AXIS2_PLACEMENT_3D('',#3049,#2442,#2443);
#2187=AXIS2_PLACEMENT_3D('',#3051,#2445,#2446);
#2188=AXIS2_PLACEMENT_3D('',#3053,#2448,#2449);
#2189=AXIS2_PLACEMENT_3D('',#3057,#2452,#2453);
#2190=AXIS2_PLACEMENT_3D('',#3061,#2456,#2457);
#2191=AXIS2_PLACEMENT_3D('',#3066,#2461,#2462);
#2192=AXIS2_PLACEMENT_3D('',#3086,#2473,#2474);
#2193=AXIS2_PLACEMENT_3D('',#3088,#2476,#2477);
#2194=AXIS2_PLACEMENT_3D('',#3090,#2479,#2480);
#2195=AXIS2_PLACEMENT_3D('',#3092,#2482,#2483);
#2196=AXIS2_PLACEMENT_3D('',#3094,#2485,#2486);
#2197=AXIS2_PLACEMENT_3D('',#3096,#2488,#2489);
#2198=AXIS2_PLACEMENT_3D('',#3098,#2491,#2492);
#2199=AXIS2_PLACEMENT_3D('',#3100,#2494,#2495);
#2200=AXIS2_PLACEMENT_3D('',#3102,#2497,#2498);
#2201=AXIS2_PLACEMENT_3D('',#3104,#2500,#2501);
#2202=AXIS2_PLACEMENT_3D('',#3105,#2502,#2503);
#2203=AXIS2_PLACEMENT_3D('',#3108,#2506,#2507);
#2204=AXIS2_PLACEMENT_3D('',#3109,#2508,#2509);
#2205=AXIS2_PLACEMENT_3D('',#3110,#2510,#2511);
#2206=AXIS2_PLACEMENT_3D('',#3113,#2513,#2514);
#2207=AXIS2_PLACEMENT_3D('',#3114,#2515,#2516);
#2208=AXIS2_PLACEMENT_3D('',#3115,#2517,#2518);
#2209=AXIS2_PLACEMENT_3D('',#3117,#2519,#2520);
#2210=AXIS2_PLACEMENT_3D('',#3120,#2522,#2523);
#2211=AXIS2_PLACEMENT_3D('',#3121,#2524,#2525);
#2212=AXIS2_PLACEMENT_3D('',#3122,#2526,#2527);
#2213=AXIS2_PLACEMENT_3D('',#3123,#2528,#2529);
#2214=AXIS2_PLACEMENT_3D('',#3126,#2530,#2531);
#2215=AXIS2_PLACEMENT_3D('',#3132,#2534,#2535);
#2216=AXIS2_PLACEMENT_3D('',#3154,#2546,#2547);
#2217=AXIS2_PLACEMENT_3D('',#3160,#2550,#2551);
#2218=AXIS2_PLACEMENT_3D('',#3162,#2553,#2554);
#2219=AXIS2_PLACEMENT_3D('',#3168,#2558,#2559);
#2220=AXIS2_PLACEMENT_3D('',#3172,#2562,#2563);
#2221=AXIS2_PLACEMENT_3D('',#3177,#2566,#2567);
#2222=AXIS2_PLACEMENT_3D('',#3178,#2568,#2569);
#2223=AXIS2_PLACEMENT_3D('',#3181,#2571,#2572);
#2224=AXIS2_PLACEMENT_3D('',#3182,#2573,#2574);
#2225=AXIS2_PLACEMENT_3D('',#3183,#2575,#2576);
#2226=AXIS2_PLACEMENT_3D('',#3186,#2577,#2578);
#2227=AXIS2_PLACEMENT_3D('',#3192,#2581,#2582);
#2228=AXIS2_PLACEMENT_3D('',#3207,#2590,#2591);
#2229=AXIS2_PLACEMENT_3D('',#3213,#2594,#2595);
#2230=AXIS2_PLACEMENT_3D('',#3235,#2607,#2608);
#2231=AXIS2_PLACEMENT_3D('',#3238,#2611,#2612);
#2232=AXIS2_PLACEMENT_3D('',#3240,#2614,#2615);
#2233=AXIS2_PLACEMENT_3D('',#3242,#2617,#2618);
#2234=AXIS2_PLACEMENT_3D('',#3244,#2620,#2621);
#2235=AXIS2_PLACEMENT_3D('',#3246,#2623,#2624);
#2236=AXIS2_PLACEMENT_3D('',#3249,#2626,#2627);
#2237=AXIS2_PLACEMENT_3D('',#3250,#2628,#2629);
#2238=AXIS2_PLACEMENT_3D('',#3251,#2630,#2631);
#2239=AXIS2_PLACEMENT_3D('',#3253,#2633,#2634);
#2240=AXIS2_PLACEMENT_3D('',#3255,#2636,#2637);
#2241=AXIS2_PLACEMENT_3D('',#3257,#2639,#2640);
#2242=AXIS2_PLACEMENT_3D('',#3259,#2642,#2643);
#2243=AXIS2_PLACEMENT_3D('',#3261,#2645,#2646);
#2244=AXIS2_PLACEMENT_3D('',#3286,#2659,#2660);
#2245=AXIS2_PLACEMENT_3D('',#3289,#2663,#2664);
#2246=AXIS2_PLACEMENT_3D('',#3291,#2666,#2667);
#2247=AXIS2_PLACEMENT_3D('',#3293,#2669,#2670);
#2248=AXIS2_PLACEMENT_3D('',#3295,#2672,#2673);
#2249=AXIS2_PLACEMENT_3D('',#3298,#2675,#2676);
#2250=AXIS2_PLACEMENT_3D('',#3299,#2677,#2678);
#2251=AXIS2_PLACEMENT_3D('',#3300,#2679,#2680);
#2252=AXIS2_PLACEMENT_3D('',#3303,#2683,#2684);
#2253=AXIS2_PLACEMENT_3D('',#3306,#2687,#2688);
#2254=AXIS2_PLACEMENT_3D('',#3308,#2690,#2691);
#2255=AXIS2_PLACEMENT_3D('',#3310,#2693,#2694);
#2256=AXIS2_PLACEMENT_3D('',#3312,#2696,#2697);
#2257=AXIS2_PLACEMENT_3D('',#3314,#2699,#2700);
#2258=AXIS2_PLACEMENT_3D('',#3316,#2702,#2703);
#2259=AXIS2_PLACEMENT_3D('',#3317,#2704,#2705);
#2260=AXIS2_PLACEMENT_3D('',#3318,#2706,#2707);
#2261=AXIS2_PLACEMENT_3D('',#3320,#2709,#2710);
#2262=AXIS2_PLACEMENT_3D('',#3321,#2711,#2712);
#2263=AXIS2_PLACEMENT_3D('',#3323,#2713,#2714);
#2264=AXIS2_PLACEMENT_3D('',#3326,#2716,#2717);
#2265=AXIS2_PLACEMENT_3D('',#3327,#2718,#2719);
#2266=AXIS2_PLACEMENT_3D('',#3328,#2720,#2721);
#2267=AXIS2_PLACEMENT_3D('',#3329,#2722,#2723);
#2268=AXIS2_PLACEMENT_3D('',#3331,#2724,#2725);
#2269=AXIS2_PLACEMENT_3D('',#3334,#2727,#2728);
#2270=AXIS2_PLACEMENT_3D('',#3335,#2729,#2730);
#2271=AXIS2_PLACEMENT_3D('',#3336,#2731,#2732);
#2272=AXIS2_PLACEMENT_3D('',#3337,#2733,#2734);
#2273=AXIS2_PLACEMENT_3D('',#3352,#2742,#2743);
#2274=AXIS2_PLACEMENT_3D('',#3354,#2744,#2745);
#2275=AXIS2_PLACEMENT_3D('',#3357,#2747,#2748);
#2276=AXIS2_PLACEMENT_3D('',#3358,#2749,#2750);
#2277=AXIS2_PLACEMENT_3D('',#3359,#2751,#2752);
#2278=AXIS2_PLACEMENT_3D('',#3365,#2756,#2757);
#2279=AXIS2_PLACEMENT_3D('',#3377,#2764,#2765);
#2280=AXIS2_PLACEMENT_3D('',#3380,#2767,#2768);
#2281=AXIS2_PLACEMENT_3D('',#3381,#2769,#2770);
#2282=AXIS2_PLACEMENT_3D('',#3383,#2771,#2772);
#2283=AXIS2_PLACEMENT_3D('',#3384,#2773,#2774);
#2284=AXIS2_PLACEMENT_3D('',#3387,#2777,#2778);
#2285=AXIS2_PLACEMENT_3D('',#3390,#2780,#2781);
#2286=AXIS2_PLACEMENT_3D('',#3391,#2782,#2783);
#2287=AXIS2_PLACEMENT_3D('',#3393,#2784,#2785);
#2288=AXIS2_PLACEMENT_3D('',#3394,#2786,#2787);
#2289=AXIS2_PLACEMENT_3D('',#3396,#2789,#2790);
#2290=AXIS2_PLACEMENT_3D('',#3398,#2792,#2793);
#2291=AXIS2_PLACEMENT_3D('',#3400,#2795,#2796);
#2292=AXIS2_PLACEMENT_3D('',#3401,#2797,#2798);
#2293=AXIS2_PLACEMENT_3D('',#3402,#2799,#2800);
#2294=AXIS2_PLACEMENT_3D('',#3404,#2801,#2802);
#2295=AXIS2_PLACEMENT_3D('',#3407,#2804,#2805);
#2296=AXIS2_PLACEMENT_3D('',#3408,#2806,#2807);
#2297=AXIS2_PLACEMENT_3D('',#3409,#2808,#2809);
#2298=AXIS2_PLACEMENT_3D('',#3410,#2810,#2811);
#2299=AXIS2_PLACEMENT_3D('',#3425,#2819,#2820);
#2300=AXIS2_PLACEMENT_3D('',#3427,#2821,#2822);
#2301=AXIS2_PLACEMENT_3D('',#3430,#2824,#2825);
#2302=AXIS2_PLACEMENT_3D('',#3431,#2826,#2827);
#2303=AXIS2_PLACEMENT_3D('',#3432,#2828,#2829);
#2304=AXIS2_PLACEMENT_3D('',#3438,#2833,#2834);
#2305=AXIS2_PLACEMENT_3D('',#3450,#2841,#2842);
#2306=AXIS2_PLACEMENT_3D('',#3453,#2844,#2845);
#2307=AXIS2_PLACEMENT_3D('',#3454,#2846,#2847);
#2308=AXIS2_PLACEMENT_3D('',#3457,#2849,#2850);
#2309=AXIS2_PLACEMENT_3D('',#3458,#2851,#2852);
#2310=AXIS2_PLACEMENT_3D('',#3460,#2853,#2854);
#2311=AXIS2_PLACEMENT_3D('',#3461,#2855,#2856);
#2312=AXIS2_PLACEMENT_3D('',#3464,#2859,#2860);
#2313=AXIS2_PLACEMENT_3D('',#3466,#2861,#2862);
#2314=AXIS2_PLACEMENT_3D('',#3467,#2863,#2864);
#2315=AXIS2_PLACEMENT_3D('',#3469,#2866,#2867);
#2316=AXIS2_PLACEMENT_3D('',#3471,#2869,#2870);
#2317=AXIS2_PLACEMENT_3D('',#3473,#2872,#2873);
#2318=AXIS2_PLACEMENT_3D('',#3474,#2874,#2875);
#2319=AXIS2_PLACEMENT_3D('',#3475,#2876,#2877);
#2320=AXIS2_PLACEMENT_3D('',#3477,#2878,#2879);
#2321=AXIS2_PLACEMENT_3D('',#3480,#2881,#2882);
#2322=AXIS2_PLACEMENT_3D('',#3481,#2883,#2884);
#2323=AXIS2_PLACEMENT_3D('',#3482,#2885,#2886);
#2324=AXIS2_PLACEMENT_3D('',#3483,#2887,#2888);
#2325=AXIS2_PLACEMENT_3D('',#3485,#2889,#2890);
#2326=AXIS2_PLACEMENT_3D('',#3488,#2892,#2893);
#2327=AXIS2_PLACEMENT_3D('',#3489,#2894,#2895);
#2328=AXIS2_PLACEMENT_3D('',#3490,#2896,#2897);
#2329=AXIS2_PLACEMENT_3D('',#3957,#2900,#2901);
#2330=AXIS2_PLACEMENT_3D('',#4336,#2906,#2907);
#2331=AXIS2_PLACEMENT_3D('',#4342,#2911,#2912);
#2332=DIRECTION('axis',(0.,0.,1.));
#2333=DIRECTION('refdir',(1.,0.,0.));
#2334=DIRECTION('center_axis',(0.,-1.,0.));
#2335=DIRECTION('ref_axis',(0.,0.,-1.));
#2336=DIRECTION('center_axis',(0.,-1.,0.));
#2337=DIRECTION('ref_axis',(-0.707106781186547,0.,0.707106781186547));
#2338=DIRECTION('',(0.,0.,-1.));
#2339=DIRECTION('',(1.,0.,0.));
#2340=DIRECTION('center_axis',(0.,1.,0.));
#2341=DIRECTION('ref_axis',(0.707106796736695,0.,0.7071067656364));
#2342=DIRECTION('',(-4.39824589618879E-8,0.,-0.999999999999999));
#2343=DIRECTION('',(0.707106781186548,0.,-0.707106781186548));
#2344=DIRECTION('',(1.,0.,2.04374968499164E-17));
#2345=DIRECTION('',(0.,0.,1.));
#2346=DIRECTION('',(-1.,0.,0.));
#2347=DIRECTION('',(0.,0.,1.));
#2348=DIRECTION('',(-0.707106781186547,0.,0.707106781186548));
#2349=DIRECTION('',(-1.,0.,0.));
#2350=DIRECTION('',(-0.707106781186548,0.,-0.707106781186547));
#2351=DIRECTION('',(4.3982456626943E-8,0.,-0.999999999999999));
#2352=DIRECTION('center_axis',(0.,1.,0.));
#2353=DIRECTION('ref_axis',(0.707106796736694,0.,-0.707106765636401));
#2354=DIRECTION('',(-1.,0.,0.));
#2355=DIRECTION('',(0.,0.,-1.));
#2356=DIRECTION('center_axis',(0.,-1.,0.));
#2357=DIRECTION('ref_axis',(-0.707106781186547,0.,-0.707106781186547));
#2358=DIRECTION('',(0.,0.,-1.));
#2359=DIRECTION('center_axis',(0.,0.,1.));
#2360=DIRECTION('ref_axis',(0.,-1.,0.));
#2361=DIRECTION('',(0.,1.,0.));
#2362=DIRECTION('',(0.,-1.,0.));
#2363=DIRECTION('',(1.,0.,0.));
#2364=DIRECTION('center_axis',(1.,0.,0.));
#2365=DIRECTION('ref_axis',(0.,0.,-1.));
#2366=DIRECTION('',(0.,-1.,0.));
#2367=DIRECTION('',(0.,0.,1.));
#2368=DIRECTION('center_axis',(-1.,0.,0.));
#2369=DIRECTION('ref_axis',(0.,0.,-1.));
#2370=DIRECTION('center_axis',(-1.,0.,0.));
#2371=DIRECTION('ref_axis',(0.,0.,-1.));
#2372=DIRECTION('',(-1.,0.,0.));
#2373=DIRECTION('center_axis',(-1.,0.,0.));
#2374=DIRECTION('ref_axis',(0.,0.,-1.));
#2375=DIRECTION('center_axis',(1.,0.,0.));
#2376=DIRECTION('ref_axis',(0.,0.,-1.));
#2377=DIRECTION('center_axis',(0.,1.,0.));
#2378=DIRECTION('ref_axis',(0.,0.,1.));
#2379=DIRECTION('center_axis',(0.,-1.,0.));
#2380=DIRECTION('ref_axis',(-0.707106781186547,0.,-0.707106781186547));
#2381=DIRECTION('',(0.,0.,-1.));
#2382=DIRECTION('',(-1.,0.,0.));
#2383=DIRECTION('center_axis',(0.,1.,0.));
#2384=DIRECTION('ref_axis',(0.707106796736694,0.,-0.707106765636401));
#2385=DIRECTION('',(4.3982456626943E-8,0.,-0.999999999999999));
#2386=DIRECTION('',(-0.707106781186548,0.,-0.707106781186547));
#2387=DIRECTION('',(-1.,0.,0.));
#2388=DIRECTION('',(-0.707106781186547,0.,0.707106781186548));
#2389=DIRECTION('',(0.,0.,1.));
#2390=DIRECTION('',(1.,0.,1.11022302462516E-16));
#2391=DIRECTION('',(0.707106781186548,0.,-0.707106781186548));
#2392=DIRECTION('',(-4.39824589618879E-8,0.,-0.999999999999999));
#2393=DIRECTION('center_axis',(0.,1.,0.));
#2394=DIRECTION('ref_axis',(0.707106796736695,0.,0.7071067656364));
#2395=DIRECTION('',(1.,0.,0.));
#2396=DIRECTION('',(0.,0.,-1.));
#2397=DIRECTION('center_axis',(0.,-1.,0.));
#2398=DIRECTION('ref_axis',(-0.707106781186547,0.,0.707106781186547));
#2399=DIRECTION('',(-1.,0.,0.));
#2400=DIRECTION('',(4.39824590360435E-8,0.,0.999999999999999));
#2401=DIRECTION('',(-0.707106781186548,0.,0.707106781186548));
#2402=DIRECTION('',(-1.,0.,0.));
#2403=DIRECTION('',(-0.707106781186547,0.,-0.707106781186548));
#2404=DIRECTION('',(0.,0.,-1.));
#2405=DIRECTION('',(0.707106781186548,0.,-0.707106781186548));
#2406=DIRECTION('',(1.,0.,0.));
#2407=DIRECTION('',(0.707106781186548,0.,0.707106781186547));
#2408=DIRECTION('',(-4.39824564814333E-8,0.,0.999999999999999));
#2409=DIRECTION('',(1.,0.,0.));
#2410=DIRECTION('center_axis',(0.,1.,0.));
#2411=DIRECTION('ref_axis',(0.707106796736695,0.,0.7071067656364));
#2412=DIRECTION('',(0.,-1.,0.));
#2413=DIRECTION('',(0.,1.,0.));
#2414=DIRECTION('center_axis',(-0.999999999999999,0.,4.39824589618879E-8));
#2415=DIRECTION('ref_axis',(4.39824589618879E-8,0.,0.999999999999999));
#2416=DIRECTION('',(0.,1.,0.));
#2417=DIRECTION('center_axis',(-0.707106781186548,0.,-0.707106781186548));
#2418=DIRECTION('ref_axis',(-0.707106781186548,0.,0.707106781186548));
#2419=DIRECTION('',(0.,1.,0.));
#2420=DIRECTION('center_axis',(2.04374968499164E-17,0.,-1.));
#2421=DIRECTION('ref_axis',(-1.,0.,-2.04374968499164E-17));
#2422=DIRECTION('center_axis',(1.,0.,0.));
#2423=DIRECTION('ref_axis',(0.,0.,-1.));
#2424=DIRECTION('',(0.,1.,0.));
#2425=DIRECTION('center_axis',(0.707106781186548,0.,0.707106781186547));
#2426=DIRECTION('ref_axis',(0.707106781186547,0.,-0.707106781186548));
#2427=DIRECTION('',(0.,1.,0.));
#2428=DIRECTION('center_axis',(0.,0.,1.));
#2429=DIRECTION('ref_axis',(1.,0.,0.));
#2430=DIRECTION('',(0.,1.,0.));
#2431=DIRECTION('center_axis',(0.,0.,-1.));
#2432=DIRECTION('ref_axis',(1.,0.,0.));
#2433=DIRECTION('center_axis',(-0.707106781186547,0.,0.707106781186548));
#2434=DIRECTION('ref_axis',(0.707106781186548,0.,0.707106781186547));
#2435=DIRECTION('',(0.,1.,0.));
#2436=DIRECTION('center_axis',(-0.999999999999999,0.,-4.3982456626943E-8));
#2437=DIRECTION('ref_axis',(-4.3982456626943E-8,0.,0.999999999999999));
#2438=DIRECTION('',(0.,1.,0.));
#2439=DIRECTION('center_axis',(0.,1.,0.));
#2440=DIRECTION('ref_axis',(0.707106796736694,0.,-0.707106765636401));
#2441=DIRECTION('',(0.,-1.,0.));
#2442=DIRECTION('center_axis',(0.,0.,1.));
#2443=DIRECTION('ref_axis',(1.,0.,0.));
#2444=DIRECTION('',(0.,1.,0.));
#2445=DIRECTION('center_axis',(-1.,0.,0.));
#2446=DIRECTION('ref_axis',(0.,0.,1.));
#2447=DIRECTION('',(0.,1.,0.));
#2448=DIRECTION('center_axis',(0.,1.,0.));
#2449=DIRECTION('ref_axis',(-0.707106781186547,0.,-0.707106781186547));
#2450=DIRECTION('',(0.,-1.,0.));
#2451=DIRECTION('',(0.,-1.,0.));
#2452=DIRECTION('center_axis',(-1.,0.,0.));
#2453=DIRECTION('ref_axis',(0.,0.,1.));
#2454=DIRECTION('',(0.,0.,-1.));
#2455=DIRECTION('',(0.,1.,0.));
#2456=DIRECTION('center_axis',(0.,0.,1.));
#2457=DIRECTION('ref_axis',(1.,0.,0.));
#2458=DIRECTION('',(0.,1.,0.));
#2459=DIRECTION('',(1.,0.,0.));
#2460=DIRECTION('',(0.,1.,0.));
#2461=DIRECTION('center_axis',(0.,1.,0.));
#2462=DIRECTION('ref_axis',(1.,0.,0.));
#2463=DIRECTION('',(-0.707106781186548,0.,0.707106781186548));
#2464=DIRECTION('',(0.,0.,1.));
#2465=DIRECTION('',(0.707106781186547,0.,0.707106781186548));
#2466=DIRECTION('',(1.,0.,0.));
#2467=DIRECTION('',(0.707106781186548,0.,-0.707106781186548));
#2468=DIRECTION('',(-4.39824590360435E-8,0.,-0.999999999999999));
#2469=DIRECTION('',(-1.,0.,0.));
#2470=DIRECTION('',(4.39824564814333E-8,0.,-0.999999999999999));
#2471=DIRECTION('',(-0.707106781186548,0.,-0.707106781186547));
#2472=DIRECTION('',(-1.,0.,0.));
#2473=DIRECTION('center_axis',(0.999999999999999,0.,-4.39824590360435E-8));
#2474=DIRECTION('ref_axis',(-4.39824590360435E-8,0.,-0.999999999999999));
#2475=DIRECTION('',(0.,1.,0.));
#2476=DIRECTION('center_axis',(0.707106781186548,0.,0.707106781186548));
#2477=DIRECTION('ref_axis',(0.707106781186548,0.,-0.707106781186548));
#2478=DIRECTION('',(0.,1.,0.));
#2479=DIRECTION('center_axis',(0.,0.,1.));
#2480=DIRECTION('ref_axis',(1.,0.,0.));
#2481=DIRECTION('',(0.,1.,0.));
#2482=DIRECTION('center_axis',(-0.707106781186548,0.,0.707106781186547));
#2483=DIRECTION('ref_axis',(0.707106781186547,0.,0.707106781186548));
#2484=DIRECTION('',(0.,1.,0.));
#2485=DIRECTION('center_axis',(-1.,0.,0.));
#2486=DIRECTION('ref_axis',(0.,0.,1.));
#2487=DIRECTION('',(0.,1.,0.));
#2488=DIRECTION('center_axis',(-0.707106781186548,0.,-0.707106781186548));
#2489=DIRECTION('ref_axis',(-0.707106781186548,0.,0.707106781186548));
#2490=DIRECTION('',(0.,1.,0.));
#2491=DIRECTION('center_axis',(0.,0.,-1.));
#2492=DIRECTION('ref_axis',(-1.,0.,0.));
#2493=DIRECTION('',(0.,1.,0.));
#2494=DIRECTION('center_axis',(0.707106781186547,0.,-0.707106781186548));
#2495=DIRECTION('ref_axis',(-0.707106781186548,0.,-0.707106781186547));
#2496=DIRECTION('',(0.,1.,0.));
#2497=DIRECTION('center_axis',(0.999999999999999,0.,4.39824564814333E-8));
#2498=DIRECTION('ref_axis',(4.39824564814333E-8,0.,-0.999999999999999));
#2499=DIRECTION('',(0.,1.,0.));
#2500=DIRECTION('center_axis',(0.,0.,-1.));
#2501=DIRECTION('ref_axis',(-1.,0.,0.));
#2502=DIRECTION('center_axis',(-1.,0.,0.));
#2503=DIRECTION('ref_axis',(0.,0.,1.));
#2504=DIRECTION('',(0.,1.,0.));
#2505=DIRECTION('',(0.,-1.,0.));
#2506=DIRECTION('center_axis',(0.,1.,0.));
#2507=DIRECTION('ref_axis',(-0.707106781186547,0.,0.707106781186547));
#2508=DIRECTION('center_axis',(0.,0.,-1.));
#2509=DIRECTION('ref_axis',(-1.,0.,0.));
#2510=DIRECTION('center_axis',(0.,0.,-1.));
#2511=DIRECTION('ref_axis',(1.,0.,0.));
#2512=DIRECTION('',(0.,0.,-1.));
#2513=DIRECTION('center_axis',(0.,0.,-1.));
#2514=DIRECTION('ref_axis',(1.,0.,0.));
#2515=DIRECTION('center_axis',(0.,0.,1.));
#2516=DIRECTION('ref_axis',(1.,0.,0.));
#2517=DIRECTION('center_axis',(0.,0.,1.));
#2518=DIRECTION('ref_axis',(1.,0.,0.));
#2519=DIRECTION('center_axis',(0.,0.,1.));
#2520=DIRECTION('ref_axis',(1.,0.,0.));
#2521=DIRECTION('',(0.,0.,-1.));
#2522=DIRECTION('center_axis',(0.,0.,1.));
#2523=DIRECTION('ref_axis',(1.,0.,0.));
#2524=DIRECTION('center_axis',(0.,0.,1.));
#2525=DIRECTION('ref_axis',(1.,0.,0.));
#2526=DIRECTION('center_axis',(0.,0.,1.));
#2527=DIRECTION('ref_axis',(1.,0.,0.));
#2528=DIRECTION('center_axis',(0.,-1.,0.));
#2529=DIRECTION('ref_axis',(0.,0.,-1.));
#2530=DIRECTION('center_axis',(0.,-1.,0.));
#2531=DIRECTION('ref_axis',(-0.707106781186547,0.,0.707106781186547));
#2532=DIRECTION('',(0.,0.,-1.));
#2533=DIRECTION('',(1.,0.,0.));
#2534=DIRECTION('center_axis',(0.,1.,0.));
#2535=DIRECTION('ref_axis',(0.707106796736695,0.,0.7071067656364));
#2536=DIRECTION('',(-4.39824589618879E-8,0.,-0.999999999999999));
#2537=DIRECTION('',(0.707106781186548,0.,-0.707106781186548));
#2538=DIRECTION('',(1.,0.,2.04374968499164E-17));
#2539=DIRECTION('',(0.707106781186547,0.,0.707106781186548));
#2540=DIRECTION('',(0.,0.,1.));
#2541=DIRECTION('',(1.,0.,0.));
#2542=DIRECTION('',(0.,0.,1.));
#2543=DIRECTION('',(-1.,0.,0.));
#2544=DIRECTION('',(-0.707106781186548,0.,-0.707106781186547));
#2545=DIRECTION('',(4.3982456626943E-8,0.,-0.999999999999999));
#2546=DIRECTION('center_axis',(0.,1.,0.));
#2547=DIRECTION('ref_axis',(0.707106796736694,0.,-0.707106765636401));
#2548=DIRECTION('',(-1.,0.,0.));
#2549=DIRECTION('',(0.,0.,-1.));
#2550=DIRECTION('center_axis',(0.,-1.,0.));
#2551=DIRECTION('ref_axis',(-0.707106781186547,0.,-0.707106781186547));
#2552=DIRECTION('',(0.,0.,-1.));
#2553=DIRECTION('center_axis',(0.,0.,-1.));
#2554=DIRECTION('ref_axis',(0.,1.,0.));
#2555=DIRECTION('',(0.,-1.,0.));
#2556=DIRECTION('',(1.,0.,0.));
#2557=DIRECTION('',(0.,-1.,0.));
#2558=DIRECTION('center_axis',(1.,0.,0.));
#2559=DIRECTION('ref_axis',(0.,0.,-1.));
#2560=DIRECTION('',(0.,0.,1.));
#2561=DIRECTION('',(0.,-1.,0.));
#2562=DIRECTION('center_axis',(1.,0.,0.));
#2563=DIRECTION('ref_axis',(0.,0.,-1.));
#2564=DIRECTION('',(0.,1.,0.));
#2565=DIRECTION('',(7.7715611723761E-16,0.,1.));
#2566=DIRECTION('center_axis',(-1.,0.,0.));
#2567=DIRECTION('ref_axis',(0.,0.,-1.));
#2568=DIRECTION('center_axis',(-1.,0.,0.));
#2569=DIRECTION('ref_axis',(0.,0.,-1.));
#2570=DIRECTION('',(-1.,0.,0.));
#2571=DIRECTION('center_axis',(-1.,0.,0.));
#2572=DIRECTION('ref_axis',(0.,0.,-1.));
#2573=DIRECTION('center_axis',(1.,0.,0.));
#2574=DIRECTION('ref_axis',(0.,0.,-1.));
#2575=DIRECTION('center_axis',(0.,1.,0.));
#2576=DIRECTION('ref_axis',(0.,0.,1.));
#2577=DIRECTION('center_axis',(0.,-1.,0.));
#2578=DIRECTION('ref_axis',(-0.707106781186547,0.,-0.707106781186547));
#2579=DIRECTION('',(0.,0.,-1.));
#2580=DIRECTION('',(-1.,0.,0.));
#2581=DIRECTION('center_axis',(0.,1.,0.));
#2582=DIRECTION('ref_axis',(0.707106796736694,0.,-0.707106765636401));
#2583=DIRECTION('',(4.3982456626943E-8,0.,-0.999999999999999));
#2584=DIRECTION('',(-0.707106781186548,0.,-0.707106781186547));
#2585=DIRECTION('',(-1.,0.,0.));
#2586=DIRECTION('',(0.707106781186547,0.,0.707106781186548));
#2587=DIRECTION('',(1.,0.,2.04374968499164E-17));
#2588=DIRECTION('',(0.707106781186547,0.,-0.707106781186547));
#2589=DIRECTION('',(-4.39824589618879E-8,0.,-0.999999999999999));
#2590=DIRECTION('center_axis',(0.,1.,0.));
#2591=DIRECTION('ref_axis',(0.707106796736695,0.,0.7071067656364));
#2592=DIRECTION('',(1.,0.,0.));
#2593=DIRECTION('',(0.,0.,-1.));
#2594=DIRECTION('center_axis',(0.,-1.,0.));
#2595=DIRECTION('ref_axis',(-0.707106781186547,0.,0.707106781186547));
#2596=DIRECTION('',(-1.,0.,0.));
#2597=DIRECTION('',(4.39824590360435E-8,0.,0.999999999999999));
#2598=DIRECTION('',(-0.707106781186548,0.,0.707106781186548));
#2599=DIRECTION('',(-1.,0.,0.));
#2600=DIRECTION('',(-0.707106781186547,0.,-0.707106781186548));
#2601=DIRECTION('',(0.,0.,-1.));
#2602=DIRECTION('',(0.707106781186547,0.,-0.707106781186547));
#2603=DIRECTION('',(1.,0.,0.));
#2604=DIRECTION('',(0.707106781186548,0.,0.707106781186547));
#2605=DIRECTION('',(-4.39824564814333E-8,0.,0.999999999999999));
#2606=DIRECTION('',(1.,0.,0.));
#2607=DIRECTION('center_axis',(-1.,0.,0.));
#2608=DIRECTION('ref_axis',(0.,0.,1.));
#2609=DIRECTION('',(0.,1.,0.));
#2610=DIRECTION('',(0.,-1.,0.));
#2611=DIRECTION('center_axis',(0.,0.,-1.));
#2612=DIRECTION('ref_axis',(-1.,0.,0.));
#2613=DIRECTION('',(0.,1.,0.));
#2614=DIRECTION('center_axis',(0.,1.,0.));
#2615=DIRECTION('ref_axis',(0.707106796736695,0.,0.7071067656364));
#2616=DIRECTION('',(0.,-1.,0.));
#2617=DIRECTION('center_axis',(-0.999999999999999,0.,4.39824589618879E-8));
#2618=DIRECTION('ref_axis',(4.39824589618879E-8,0.,0.999999999999999));
#2619=DIRECTION('',(0.,1.,0.));
#2620=DIRECTION('center_axis',(-0.707106781186548,0.,-0.707106781186548));
#2621=DIRECTION('ref_axis',(-0.707106781186548,0.,0.707106781186548));
#2622=DIRECTION('',(0.,1.,0.));
#2623=DIRECTION('center_axis',(2.04374968499164E-17,0.,-1.));
#2624=DIRECTION('ref_axis',(-1.,0.,-2.04374968499164E-17));
#2625=DIRECTION('',(0.,1.,0.));
#2626=DIRECTION('center_axis',(-2.04374968499164E-17,0.,1.));
#2627=DIRECTION('ref_axis',(-1.,0.,0.));
#2628=DIRECTION('center_axis',(0.707106781186548,0.,-0.707106781186547));
#2629=DIRECTION('ref_axis',(-0.707106781186547,0.,-0.707106781186548));
#2630=DIRECTION('center_axis',(0.,0.,1.));
#2631=DIRECTION('ref_axis',(1.,0.,0.));
#2632=DIRECTION('',(0.,1.,0.));
#2633=DIRECTION('center_axis',(-0.707106781186547,0.,0.707106781186548));
#2634=DIRECTION('ref_axis',(0.707106781186548,0.,0.707106781186547));
#2635=DIRECTION('',(0.,1.,0.));
#2636=DIRECTION('center_axis',(-0.999999999999999,0.,-4.3982456626943E-8));
#2637=DIRECTION('ref_axis',(-4.3982456626943E-8,0.,0.999999999999999));
#2638=DIRECTION('',(0.,1.,0.));
#2639=DIRECTION('center_axis',(0.,1.,0.));
#2640=DIRECTION('ref_axis',(0.707106796736694,0.,-0.707106765636401));
#2641=DIRECTION('',(0.,-1.,0.));
#2642=DIRECTION('center_axis',(0.,0.,1.));
#2643=DIRECTION('ref_axis',(1.,0.,0.));
#2644=DIRECTION('',(0.,1.,0.));
#2645=DIRECTION('center_axis',(0.,1.,0.));
#2646=DIRECTION('ref_axis',(0.,0.,1.));
#2647=DIRECTION('',(-0.707106781186547,0.,0.707106781186547));
#2648=DIRECTION('',(0.,0.,1.));
#2649=DIRECTION('',(0.707106781186547,0.,0.707106781186548));
#2650=DIRECTION('',(1.,0.,0.));
#2651=DIRECTION('',(0.707106781186548,0.,-0.707106781186548));
#2652=DIRECTION('',(-4.39824590360435E-8,0.,-0.999999999999999));
#2653=DIRECTION('',(1.,0.,0.));
#2654=DIRECTION('',(0.,0.,1.));
#2655=DIRECTION('',(-1.,0.,0.));
#2656=DIRECTION('',(4.39824564814333E-8,0.,-0.999999999999999));
#2657=DIRECTION('',(-0.707106781186548,0.,-0.707106781186547));
#2658=DIRECTION('',(-1.,0.,0.));
#2659=DIRECTION('center_axis',(0.,0.,-1.));
#2660=DIRECTION('ref_axis',(-1.,0.,0.));
#2661=DIRECTION('',(0.,1.,0.));
#2662=DIRECTION('',(0.,1.,0.));
#2663=DIRECTION('center_axis',(0.707106781186547,0.,-0.707106781186548));
#2664=DIRECTION('ref_axis',(-0.707106781186548,0.,-0.707106781186547));
#2665=DIRECTION('',(0.,1.,0.));
#2666=DIRECTION('center_axis',(0.999999999999999,0.,4.39824564814333E-8));
#2667=DIRECTION('ref_axis',(4.39824564814333E-8,0.,-0.999999999999999));
#2668=DIRECTION('',(0.,1.,0.));
#2669=DIRECTION('center_axis',(0.,0.,-1.));
#2670=DIRECTION('ref_axis',(-1.,0.,0.));
#2671=DIRECTION('',(0.,-1.,0.));
#2672=DIRECTION('center_axis',(0.,0.,1.));
#2673=DIRECTION('ref_axis',(-1.,0.,0.));
#2674=DIRECTION('',(0.,0.,1.));
#2675=DIRECTION('center_axis',(0.,0.,1.));
#2676=DIRECTION('ref_axis',(-1.,0.,0.));
#2677=DIRECTION('center_axis',(0.,0.,-1.));
#2678=DIRECTION('ref_axis',(-1.,0.,0.));
#2679=DIRECTION('center_axis',(-1.,0.,0.));
#2680=DIRECTION('ref_axis',(0.,0.,1.));
#2681=DIRECTION('',(0.,1.,0.));
#2682=DIRECTION('',(0.,-1.,0.));
#2683=DIRECTION('center_axis',(0.,0.,1.));
#2684=DIRECTION('ref_axis',(1.,0.,0.));
#2685=DIRECTION('',(0.,1.,0.));
#2686=DIRECTION('',(0.,1.,0.));
#2687=DIRECTION('center_axis',(0.999999999999999,0.,-4.39824590360435E-8));
#2688=DIRECTION('ref_axis',(-4.39824590360435E-8,0.,-0.999999999999999));
#2689=DIRECTION('',(0.,1.,0.));
#2690=DIRECTION('center_axis',(0.707106781186548,0.,0.707106781186548));
#2691=DIRECTION('ref_axis',(0.707106781186548,0.,-0.707106781186548));
#2692=DIRECTION('',(0.,1.,0.));
#2693=DIRECTION('center_axis',(0.,0.,1.));
#2694=DIRECTION('ref_axis',(1.,0.,0.));
#2695=DIRECTION('',(0.,1.,0.));
#2696=DIRECTION('center_axis',(-0.707106781186548,0.,0.707106781186547));
#2697=DIRECTION('ref_axis',(0.707106781186547,0.,0.707106781186548));
#2698=DIRECTION('',(0.,1.,0.));
#2699=DIRECTION('center_axis',(-1.,0.,0.));
#2700=DIRECTION('ref_axis',(0.,0.,1.));
#2701=DIRECTION('',(0.,1.,0.));
#2702=DIRECTION('center_axis',(-0.707106781186548,0.,-0.707106781186548));
#2703=DIRECTION('ref_axis',(-0.707106781186548,0.,0.707106781186548));
#2704=DIRECTION('center_axis',(0.,1.,0.));
#2705=DIRECTION('ref_axis',(-0.707106781186547,0.,0.707106781186547));
#2706=DIRECTION('center_axis',(0.,1.,0.));
#2707=DIRECTION('ref_axis',(-0.707106781186547,0.,-0.707106781186547));
#2708=DIRECTION('',(0.,1.,0.));
#2709=DIRECTION('center_axis',(-1.,0.,0.));
#2710=DIRECTION('ref_axis',(0.,0.,1.));
#2711=DIRECTION('center_axis',(1.,0.,0.));
#2712=DIRECTION('ref_axis',(0.,0.,-1.));
#2713=DIRECTION('center_axis',(1.,0.,0.));
#2714=DIRECTION('ref_axis',(0.,0.,-1.));
#2715=DIRECTION('',(-1.,0.,0.));
#2716=DIRECTION('center_axis',(1.,0.,0.));
#2717=DIRECTION('ref_axis',(0.,0.,-1.));
#2718=DIRECTION('center_axis',(1.,0.,0.));
#2719=DIRECTION('ref_axis',(0.,0.,-1.));
#2720=DIRECTION('center_axis',(1.,0.,0.));
#2721=DIRECTION('ref_axis',(0.,0.,-1.));
#2722=DIRECTION('center_axis',(1.,0.,0.));
#2723=DIRECTION('ref_axis',(0.,0.,-1.));
#2724=DIRECTION('center_axis',(1.,0.,0.));
#2725=DIRECTION('ref_axis',(0.,0.,-1.));
#2726=DIRECTION('',(-1.,0.,0.));
#2727=DIRECTION('center_axis',(1.,0.,0.));
#2728=DIRECTION('ref_axis',(0.,0.,-1.));
#2729=DIRECTION('center_axis',(1.,0.,0.));
#2730=DIRECTION('ref_axis',(0.,0.,-1.));
#2731=DIRECTION('center_axis',(1.,0.,0.));
#2732=DIRECTION('ref_axis',(0.,0.,-1.));
#2733=DIRECTION('center_axis',(0.,-1.,0.));
#2734=DIRECTION('ref_axis',(0.,0.,-1.));
#2735=DIRECTION('',(-0.707106781186548,0.,-0.707106781186548));
#2736=DIRECTION('',(0.,0.,-1.));
#2737=DIRECTION('',(-1.,0.,0.));
#2738=DIRECTION('',(0.,0.,-1.));
#2739=DIRECTION('',(1.,0.,0.));
#2740=DIRECTION('',(0.,0.,1.));
#2741=DIRECTION('',(-1.,0.,0.));
#2742=DIRECTION('center_axis',(0.,1.,0.));
#2743=DIRECTION('ref_axis',(-1.,0.,0.));
#2744=DIRECTION('center_axis',(0.,1.,0.));
#2745=DIRECTION('ref_axis',(-1.,0.,0.));
#2746=DIRECTION('',(0.,-1.,0.));
#2747=DIRECTION('center_axis',(0.,-1.,0.));
#2748=DIRECTION('ref_axis',(-1.,0.,0.));
#2749=DIRECTION('center_axis',(0.,1.,0.));
#2750=DIRECTION('ref_axis',(-1.,0.,0.));
#2751=DIRECTION('center_axis',(-0.707106781186548,0.,0.707106781186548));
#2752=DIRECTION('ref_axis',(0.707106781186548,0.,0.707106781186548));
#2753=DIRECTION('',(-0.707106781186548,0.,-0.707106781186548));
#2754=DIRECTION('',(0.,-1.,0.));
#2755=DIRECTION('',(0.,1.,0.));
#2756=DIRECTION('center_axis',(0.,1.,0.));
#2757=DIRECTION('ref_axis',(0.,0.,1.));
#2758=DIRECTION('',(-1.,0.,0.));
#2759=DIRECTION('',(0.,0.,1.));
#2760=DIRECTION('',(-1.,0.,0.));
#2761=DIRECTION('',(0.,0.,-1.));
#2762=DIRECTION('',(-1.,0.,0.));
#2763=DIRECTION('',(0.,0.,-1.));
#2764=DIRECTION('center_axis',(0.,0.,1.));
#2765=DIRECTION('ref_axis',(1.,0.,0.));
#2766=DIRECTION('',(0.,-1.,0.));
#2767=DIRECTION('center_axis',(0.,0.,-1.));
#2768=DIRECTION('ref_axis',(1.,0.,0.));
#2769=DIRECTION('center_axis',(1.,0.,0.));
#2770=DIRECTION('ref_axis',(0.,0.,-1.));
#2771=DIRECTION('center_axis',(1.,0.,0.));
#2772=DIRECTION('ref_axis',(0.,0.,-1.));
#2773=DIRECTION('center_axis',(-1.,0.,0.));
#2774=DIRECTION('ref_axis',(0.,0.,1.));
#2775=DIRECTION('',(0.,-1.,0.));
#2776=DIRECTION('',(0.,-1.,0.));
#2777=DIRECTION('center_axis',(-1.,0.,0.));
#2778=DIRECTION('ref_axis',(0.,0.,1.));
#2779=DIRECTION('',(0.,1.,0.));
#2780=DIRECTION('center_axis',(1.,0.,0.));
#2781=DIRECTION('ref_axis',(0.,0.,-1.));
#2782=DIRECTION('center_axis',(0.,0.,1.));
#2783=DIRECTION('ref_axis',(1.,0.,0.));
#2784=DIRECTION('center_axis',(0.,0.,-1.));
#2785=DIRECTION('ref_axis',(1.,0.,0.));
#2786=DIRECTION('center_axis',(0.,0.,1.));
#2787=DIRECTION('ref_axis',(1.,0.,0.));
#2788=DIRECTION('',(0.,0.,1.));
#2789=DIRECTION('center_axis',(1.,0.,0.));
#2790=DIRECTION('ref_axis',(0.,0.,-1.));
#2791=DIRECTION('',(1.,0.,0.));
#2792=DIRECTION('center_axis',(1.,0.,0.));
#2793=DIRECTION('ref_axis',(0.,0.,-1.));
#2794=DIRECTION('',(0.,1.,0.));
#2795=DIRECTION('center_axis',(0.,0.,1.));
#2796=DIRECTION('ref_axis',(1.,0.,0.));
#2797=DIRECTION('center_axis',(0.,0.,-1.));
#2798=DIRECTION('ref_axis',(-1.,0.,0.));
#2799=DIRECTION('center_axis',(0.,0.,1.));
#2800=DIRECTION('ref_axis',(1.,0.,0.));
#2801=DIRECTION('center_axis',(0.,0.,1.));
#2802=DIRECTION('ref_axis',(1.,0.,0.));
#2803=DIRECTION('',(0.,0.,-1.));
#2804=DIRECTION('center_axis',(0.,0.,1.));
#2805=DIRECTION('ref_axis',(1.,0.,0.));
#2806=DIRECTION('center_axis',(0.,0.,1.));
#2807=DIRECTION('ref_axis',(1.,0.,0.));
#2808=DIRECTION('center_axis',(0.,0.,1.));
#2809=DIRECTION('ref_axis',(1.,0.,0.));
#2810=DIRECTION('center_axis',(0.,-1.,0.));
#2811=DIRECTION('ref_axis',(0.,0.,-1.));
#2812=DIRECTION('',(0.707106781186546,0.,-0.707106781186549));
#2813=DIRECTION('',(1.,0.,0.));
#2814=DIRECTION('',(0.,0.,1.));
#2815=DIRECTION('',(-1.,0.,0.));
#2816=DIRECTION('',(0.,0.,-1.));
#2817=DIRECTION('',(1.,0.,0.));
#2818=DIRECTION('',(0.,0.,-1.));
#2819=DIRECTION('center_axis',(0.,1.,0.));
#2820=DIRECTION('ref_axis',(-1.,0.,0.));
#2821=DIRECTION('center_axis',(0.,1.,0.));
#2822=DIRECTION('ref_axis',(-1.,0.,0.));
#2823=DIRECTION('',(0.,-1.,0.));
#2824=DIRECTION('center_axis',(0.,-1.,0.));
#2825=DIRECTION('ref_axis',(-1.,0.,0.));
#2826=DIRECTION('center_axis',(0.,1.,0.));
#2827=DIRECTION('ref_axis',(-1.,0.,0.));
#2828=DIRECTION('center_axis',(-0.707106781186549,0.,-0.707106781186546));
#2829=DIRECTION('ref_axis',(-0.707106781186546,0.,0.707106781186549));
#2830=DIRECTION('',(0.707106781186546,0.,-0.707106781186549));
#2831=DIRECTION('',(0.,-1.,0.));
#2832=DIRECTION('',(0.,1.,0.));
#2833=DIRECTION('center_axis',(0.,-1.,0.));
#2834=DIRECTION('ref_axis',(0.,0.,-1.));
#2835=DIRECTION('',(0.,0.,-1.));
#2836=DIRECTION('',(-1.,0.,0.));
#2837=DIRECTION('',(0.,0.,1.));
#2838=DIRECTION('',(-1.,0.,0.));
#2839=DIRECTION('',(0.,0.,-1.));
#2840=DIRECTION('',(1.,0.,0.));
#2841=DIRECTION('center_axis',(1.,0.,0.));
#2842=DIRECTION('ref_axis',(0.,0.,-1.));
#2843=DIRECTION('',(0.,1.,0.));
#2844=DIRECTION('center_axis',(-1.,0.,0.));
#2845=DIRECTION('ref_axis',(0.,0.,1.));
#2846=DIRECTION('center_axis',(0.,0.,1.));
#2847=DIRECTION('ref_axis',(1.,0.,0.));
#2848=DIRECTION('',(0.,-1.,0.));
#2849=DIRECTION('center_axis',(0.,0.,1.));
#2850=DIRECTION('ref_axis',(1.,0.,0.));
#2851=DIRECTION('center_axis',(-1.,0.,0.));
#2852=DIRECTION('ref_axis',(0.,0.,1.));
#2853=DIRECTION('center_axis',(-1.,0.,0.));
#2854=DIRECTION('ref_axis',(0.,0.,1.));
#2855=DIRECTION('center_axis',(1.,0.,0.));
#2856=DIRECTION('ref_axis',(0.,0.,-1.));
#2857=DIRECTION('',(0.,-1.,0.));
#2858=DIRECTION('',(0.,1.,0.));
#2859=DIRECTION('center_axis',(0.,0.,1.));
#2860=DIRECTION('ref_axis',(1.,0.,0.));
#2861=DIRECTION('center_axis',(0.,0.,-1.));
#2862=DIRECTION('ref_axis',(1.,0.,0.));
#2863=DIRECTION('center_axis',(0.,0.,1.));
#2864=DIRECTION('ref_axis',(1.,0.,0.));
#2865=DIRECTION('',(0.,0.,-1.));
#2866=DIRECTION('center_axis',(-1.,0.,0.));
#2867=DIRECTION('ref_axis',(0.,0.,1.));
#2868=DIRECTION('',(1.,0.,0.));
#2869=DIRECTION('center_axis',(-1.,0.,0.));
#2870=DIRECTION('ref_axis',(0.,0.,1.));
#2871=DIRECTION('',(0.,1.,0.));
#2872=DIRECTION('center_axis',(0.,0.,1.));
#2873=DIRECTION('ref_axis',(1.,0.,0.));
#2874=DIRECTION('center_axis',(0.,0.,-1.));
#2875=DIRECTION('ref_axis',(-1.,0.,0.));
#2876=DIRECTION('center_axis',(0.,0.,1.));
#2877=DIRECTION('ref_axis',(1.,0.,0.));
#2878=DIRECTION('center_axis',(0.,0.,1.));
#2879=DIRECTION('ref_axis',(1.,0.,0.));
#2880=DIRECTION('',(0.,0.,-1.));
#2881=DIRECTION('center_axis',(0.,0.,1.));
#2882=DIRECTION('ref_axis',(1.,0.,0.));
#2883=DIRECTION('center_axis',(0.,0.,1.));
#2884=DIRECTION('ref_axis',(1.,0.,0.));
#2885=DIRECTION('center_axis',(0.,0.,1.));
#2886=DIRECTION('ref_axis',(1.,0.,0.));
#2887=DIRECTION('center_axis',(0.,0.,1.));
#2888=DIRECTION('ref_axis',(1.,0.,0.));
#2889=DIRECTION('center_axis',(0.,0.,1.));
#2890=DIRECTION('ref_axis',(1.,0.,0.));
#2891=DIRECTION('',(0.,0.,-1.));
#2892=DIRECTION('center_axis',(0.,0.,1.));
#2893=DIRECTION('ref_axis',(1.,0.,0.));
#2894=DIRECTION('center_axis',(0.,0.,1.));
#2895=DIRECTION('ref_axis',(1.,0.,0.));
#2896=DIRECTION('center_axis',(0.,0.,1.));
#2897=DIRECTION('ref_axis',(1.,0.,0.));
#2898=DIRECTION('',(0.,1.,0.));
#2899=DIRECTION('',(0.,1.,0.));
#2900=DIRECTION('center_axis',(1.,0.,0.));
#2901=DIRECTION('ref_axis',(0.,0.,-1.));
#2902=DIRECTION('',(0.,0.,1.));
#2903=DIRECTION('',(0.,0.,-1.));
#2904=DIRECTION('',(0.,1.,0.));
#2905=DIRECTION('',(0.,1.,0.));
#2906=DIRECTION('center_axis',(0.,0.,1.));
#2907=DIRECTION('ref_axis',(1.,0.,0.));
#2908=DIRECTION('',(-1.,0.,0.));
#2909=DIRECTION('',(1.,0.,0.));
#2910=DIRECTION('',(0.,1.,0.));
#2911=DIRECTION('center_axis',(0.00250421552610079,0.,-0.999996864447384));
#2912=DIRECTION('ref_axis',(-0.999996864447384,0.,-0.00250421552610079));
#2913=DIRECTION('',(0.999996864447384,0.,0.00250421552610079));
#2914=DIRECTION('',(0.,1.,0.));
#2915=DIRECTION('',(-0.999996864447384,0.,-0.00250421552610079));
#2916=CARTESIAN_POINT('',(0.,0.,0.));
#2917=CARTESIAN_POINT('Origin',(-0.350000186264516,0.500000000000003,28.5));
#2918=CARTESIAN_POINT('',(-27.000000372529,0.500000000000003,19.5000002980232));
#2919=CARTESIAN_POINT('',(-30.000000372529,0.500000000000003,16.5000002980232));
#2920=CARTESIAN_POINT('Origin',(-27.000000372529,0.500000000000003,16.5000002980232));
#2921=CARTESIAN_POINT('',(-30.000000372529,0.500000000000003,14.5000002980232));
#2922=CARTESIAN_POINT('',(-30.000000372529,0.500000000000003,21.5000001490116));
#2923=CARTESIAN_POINT('',(-28.3000000307877,0.500000000000003,14.5000002980232));
#2924=CARTESIAN_POINT('',(-11.8250000171964,0.500000000000003,14.5000002980232));
#2925=CARTESIAN_POINT('',(-23.3000000307877,0.500000000000003,9.50000007811093));
#2926=CARTESIAN_POINT('Origin',(-28.3000000307877,0.500000000000003,9.50000029802322));
#2927=CARTESIAN_POINT('',(-23.3000000910907,0.500000000000003,8.12893227922518));
#2928=CARTESIAN_POINT('',(-23.2999996431058,0.500000000000003,18.3144666443113));
#2929=CARTESIAN_POINT('',(-17.3710678118655,0.500000000000003,2.2));
#2930=CARTESIAN_POINT('',(-19.6908009147785,0.500000000000003,4.51973310291298));
#2931=CARTESIAN_POINT('',(64.3,0.500000000000003,2.19999999999999));
#2932=CARTESIAN_POINT('',(11.510533794174,0.500000000000003,2.2));
#2933=CARTESIAN_POINT('',(64.3,0.500000000000003,12.2));
#2934=CARTESIAN_POINT('',(64.3,0.500000000000003,12.2));
#2935=CARTESIAN_POINT('',(29.3,0.500000000000003,12.2));
#2936=CARTESIAN_POINT('',(29.3,0.500000000000003,12.2));
#2937=CARTESIAN_POINT('',(29.3,0.500000000000003,48.8710678118655));
#2938=CARTESIAN_POINT('',(29.3,0.500000000000003,38.6855339059327));
#2939=CARTESIAN_POINT('',(23.3710678118655,0.500000000000003,54.8));
#2940=CARTESIAN_POINT('',(24.0158008030198,0.500000000000003,54.1552670088457));
#2941=CARTESIAN_POINT('',(-17.3710678118655,0.500000000000003,54.8));
#2942=CARTESIAN_POINT('',(-8.86053401769145,0.500000000000003,54.8));
#2943=CARTESIAN_POINT('',(-23.3000000910907,0.500000000000003,48.8710677207748));
#2944=CARTESIAN_POINT('',(-22.655267054391,0.500000000000003,49.5158007574744));
#2945=CARTESIAN_POINT('',(-23.3000000307877,0.500000000000003,47.499999381722));
#2946=CARTESIAN_POINT('',(-23.2999995029982,0.500000000000003,35.4999990762062));
#2947=CARTESIAN_POINT('',(-28.3000000307877,0.500000000000003,42.4999991618097));
#2948=CARTESIAN_POINT('Origin',(-28.3000000307877,0.500000000000003,47.4999991618097));
#2949=CARTESIAN_POINT('',(-30.000000372529,0.500000000000003,42.4999991618097));
#2950=CARTESIAN_POINT('',(-15.1750002980232,0.500000000000003,42.4999991618097));
#2951=CARTESIAN_POINT('',(-30.000000372529,0.500000000000003,40.4999991618097));
#2952=CARTESIAN_POINT('',(-30.000000372529,0.500000000000003,32.9999995809048));
#2953=CARTESIAN_POINT('',(-27.000000372529,0.500000000000003,37.4999991618097));
#2954=CARTESIAN_POINT('Origin',(-27.000000372529,0.500000000000003,40.4999991618097));
#2955=CARTESIAN_POINT('',(-27.000000372529,0.500000000000003,37.4999991618097));
#2956=CARTESIAN_POINT('Origin',(29.3,46.5,12.2));
#2957=CARTESIAN_POINT('',(29.3,46.5,12.2));
#2958=CARTESIAN_POINT('',(29.3,29.25,12.2));
#2959=CARTESIAN_POINT('',(64.3,46.5,12.2));
#2960=CARTESIAN_POINT('',(64.3,46.5,12.2));
#2961=CARTESIAN_POINT('',(29.3,46.5,12.2));
#2962=CARTESIAN_POINT('Origin',(64.3,28.5,7.19999999999999));
#2963=CARTESIAN_POINT('',(64.3,46.5,2.19999999999999));
#2964=CARTESIAN_POINT('',(64.3,10.5,2.19999999999999));
#2965=CARTESIAN_POINT('',(64.3,46.5,2.19999999999999));
#2966=CARTESIAN_POINT('Origin',(29.3,33.2500007682713,28.5000179777853));
#2967=CARTESIAN_POINT('',(29.3,33.2500007682713,33.5750179777853));
#2968=CARTESIAN_POINT('Origin',(29.3,33.2500007682713,28.5000179777853));
#2969=CARTESIAN_POINT('',(27.3,33.2500007682713,33.5750179777853));
#2970=CARTESIAN_POINT('',(29.3,33.2500007682713,33.5750179777853));
#2971=CARTESIAN_POINT('Origin',(27.3,33.2500007682713,28.5000179777853));
#2972=CARTESIAN_POINT('Origin',(27.3,33.2500007682713,28.5000179777853));
#2973=CARTESIAN_POINT('Origin',(-0.350000223517419,46.5,28.5));
#2974=CARTESIAN_POINT('',(-30.000000372529,46.5,40.4999991618097));
#2975=CARTESIAN_POINT('',(-27.000000372529,46.5,37.4999991618097));
#2976=CARTESIAN_POINT('Origin',(-27.000000372529,46.5,40.4999991618097));
#2977=CARTESIAN_POINT('',(-30.000000372529,46.5,42.4999991618097));
#2978=CARTESIAN_POINT('',(-30.000000372529,46.5,32.9999995809048));
#2979=CARTESIAN_POINT('',(-28.3000000307877,46.5,42.4999991618097));
#2980=CARTESIAN_POINT('',(-15.1750002980232,46.5,42.4999991618097));
#2981=CARTESIAN_POINT('',(-23.3000000307877,46.5,47.499999381722));
#2982=CARTESIAN_POINT('Origin',(-28.3000000307877,46.5,47.4999991618097));
#2983=CARTESIAN_POINT('',(-23.3000000910907,46.5,48.8710677207748));
#2984=CARTESIAN_POINT('',(-23.2999995029982,46.5,35.4999990762062));
#2985=CARTESIAN_POINT('',(-17.3710678118655,46.5,54.8));
#2986=CARTESIAN_POINT('',(-22.655267054391,46.5,49.5158007574744));
#2987=CARTESIAN_POINT('',(23.3710678118655,46.5,54.8));
#2988=CARTESIAN_POINT('',(-8.86053401769145,46.5,54.8));
#2989=CARTESIAN_POINT('',(29.3,46.5,48.8710678118655));
#2990=CARTESIAN_POINT('',(24.0158008030198,46.5,54.1552670088457));
#2991=CARTESIAN_POINT('',(29.3,46.5,38.6855339059327));
#2992=CARTESIAN_POINT('',(-17.3710678118655,46.5,2.2));
#2993=CARTESIAN_POINT('',(28.4752461074903,46.5,2.19999999999999));
#2994=CARTESIAN_POINT('',(-23.3000000910907,46.5,8.12893227922518));
#2995=CARTESIAN_POINT('',(-19.6908009147785,46.5,4.51973310291298));
#2996=CARTESIAN_POINT('',(-23.3000000307877,46.5,9.50000007811093));
#2997=CARTESIAN_POINT('',(-23.2999996431058,46.5,18.3144666443113));
#2998=CARTESIAN_POINT('',(-28.3000000307877,46.5,14.5000002980232));
#2999=CARTESIAN_POINT('Origin',(-28.3000000307877,46.5,9.50000029802322));
#3000=CARTESIAN_POINT('',(-30.000000372529,46.5,14.5000002980232));
#3001=CARTESIAN_POINT('',(-11.8250000171964,46.5,14.5000002980232));
#3002=CARTESIAN_POINT('',(-30.000000372529,46.5,16.5000002980232));
#3003=CARTESIAN_POINT('',(-30.000000372529,46.5,21.5000001490116));
#3004=CARTESIAN_POINT('',(-27.000000372529,46.5,19.5000002980232));
#3005=CARTESIAN_POINT('Origin',(-27.000000372529,46.5,16.5000002980232));
#3006=CARTESIAN_POINT('',(-18.2999995909631,46.5,19.5000002980232));
#3007=CARTESIAN_POINT('',(-15.1750003352761,46.5,19.5000002980232));
#3008=CARTESIAN_POINT('',(-18.3,46.5,10.2));
#3009=CARTESIAN_POINT('',(-18.299999393042,46.5,24.0000005437542));
#3010=CARTESIAN_POINT('',(-15.3,46.5,7.2));
#3011=CARTESIAN_POINT('',(-18.3875000558794,46.5,10.2875000558794));
#3012=CARTESIAN_POINT('',(21.3,46.5,7.2));
#3013=CARTESIAN_POINT('',(-7.82500011175871,46.5,7.2));
#3014=CARTESIAN_POINT('',(24.3,46.5,10.2));
#3015=CARTESIAN_POINT('',(21.2124999441207,46.5,7.11249994412064));
#3016=CARTESIAN_POINT('',(24.3,46.5,46.8));
#3017=CARTESIAN_POINT('',(24.3,46.5,19.35));
#3018=CARTESIAN_POINT('',(21.3,46.5,49.8));
#3019=CARTESIAN_POINT('',(22.7124999441206,46.5,48.3875000558794));
#3020=CARTESIAN_POINT('',(-15.3,46.5,49.8));
#3021=CARTESIAN_POINT('',(10.4749998882413,46.5,49.8));
#3022=CARTESIAN_POINT('',(-18.3,46.5,46.8));
#3023=CARTESIAN_POINT('',(-16.8875000558794,46.5,48.2124999441207));
#3024=CARTESIAN_POINT('',(-18.2999995909631,46.5,37.4999991618097));
#3025=CARTESIAN_POINT('',(-18.2999995975605,46.5,37.6499996052575));
#3026=CARTESIAN_POINT('',(-9.32499990724027,46.5,37.4999991618097));
#3027=CARTESIAN_POINT('Origin',(-28.3000000307877,12.,9.50000029802322));
#3028=CARTESIAN_POINT('',(-23.3000000307877,12.,9.50000007811093));
#3029=CARTESIAN_POINT('',(-28.3000000307877,12.,14.5000002980232));
#3030=CARTESIAN_POINT('Origin',(-23.3000000910907,12.,8.12893227922518));
#3031=CARTESIAN_POINT('',(-23.3000000910907,12.,8.12893227922518));
#3032=CARTESIAN_POINT('Origin',(-17.3710678118655,12.,2.2));
#3033=CARTESIAN_POINT('',(-17.3710678118655,12.,2.2));
#3034=CARTESIAN_POINT('Origin',(23.3710678118655,12.,2.2));
#3035=CARTESIAN_POINT('Origin',(29.3,12.,48.8710678118655));
#3036=CARTESIAN_POINT('',(29.3,12.,48.8710678118655));
#3037=CARTESIAN_POINT('Origin',(23.3710678118655,12.,54.8));
#3038=CARTESIAN_POINT('',(23.3710678118655,12.,54.8));
#3039=CARTESIAN_POINT('Origin',(-17.3710678118655,12.,54.8));
#3040=CARTESIAN_POINT('',(-17.3710678118655,12.,54.8));
#3041=CARTESIAN_POINT('',(-2.07499995529652,24.0000001788139,54.8));
#3042=CARTESIAN_POINT('Origin',(3.00000004470348,24.0000001788139,54.8));
#3043=CARTESIAN_POINT('Origin',(-23.3000000910907,12.,48.8710677207748));
#3044=CARTESIAN_POINT('',(-23.3000000910907,12.,48.8710677207748));
#3045=CARTESIAN_POINT('Origin',(-23.2999998108754,12.,42.4999991618097));
#3046=CARTESIAN_POINT('',(-23.3000000307877,12.,47.499999381722));
#3047=CARTESIAN_POINT('Origin',(-28.3000000307877,12.,47.4999991618097));
#3048=CARTESIAN_POINT('',(-28.3000000307877,12.,42.4999991618097));
#3049=CARTESIAN_POINT('Origin',(-30.000000372529,12.,42.4999991618097));
#3050=CARTESIAN_POINT('',(-30.000000372529,12.,42.4999991618097));
#3051=CARTESIAN_POINT('Origin',(-30.000000372529,12.,37.4999991618097));
#3052=CARTESIAN_POINT('',(-30.000000372529,12.,40.4999991618097));
#3053=CARTESIAN_POINT('Origin',(-27.000000372529,12.,40.4999991618097));
#3054=CARTESIAN_POINT('',(-27.000000372529,13.5,37.4999991618097));
#3055=CARTESIAN_POINT('',(-27.000000372529,13.4,37.4999991618097));
#3056=CARTESIAN_POINT('',(-27.000000372529,13.4,37.4999991618097));
#3057=CARTESIAN_POINT('Origin',(-27.000000372529,13.5,37.4999991618097));
#3058=CARTESIAN_POINT('',(-27.000000372529,13.5,19.5000002980232));
#3059=CARTESIAN_POINT('',(-27.000000372529,13.5,37.4999991618097));
#3060=CARTESIAN_POINT('',(-27.000000372529,12.,19.5000002980232));
#3061=CARTESIAN_POINT('Origin',(-30.0000004470348,12.,19.5000002980232));
#3062=CARTESIAN_POINT('',(-27.000000372529,12.,19.5000002980232));
#3063=CARTESIAN_POINT('',(-18.2999995909631,13.5,19.5000002980232));
#3064=CARTESIAN_POINT('',(-27.5000004097819,13.5,19.5000002980232));
#3065=CARTESIAN_POINT('',(-18.2999995909631,12.,19.5000002980232));
#3066=CARTESIAN_POINT('Origin',(-0.350000186264516,13.5,28.5));
#3067=CARTESIAN_POINT('',(24.3,13.5,46.8));
#3068=CARTESIAN_POINT('',(21.3,13.5,49.8));
#3069=CARTESIAN_POINT('',(22.7124999534339,13.5,48.3875000465661));
#3070=CARTESIAN_POINT('',(24.3,13.5,10.2));
#3071=CARTESIAN_POINT('',(24.3,13.5,19.35));
#3072=CARTESIAN_POINT('',(21.3,13.5,7.2));
#3073=CARTESIAN_POINT('',(21.2124999534339,13.5,7.11249995343387));
#3074=CARTESIAN_POINT('',(-15.3,13.5,7.2));
#3075=CARTESIAN_POINT('',(-7.82500009313226,13.5,7.2));
#3076=CARTESIAN_POINT('',(-18.3,13.5,10.2));
#3077=CARTESIAN_POINT('',(-18.3875000465661,13.5,10.2875000465661));
#3078=CARTESIAN_POINT('',(-18.299999393042,13.5,24.0000005437542));
#3079=CARTESIAN_POINT('',(-18.2999995909631,13.5,37.4999991618097));
#3080=CARTESIAN_POINT('',(-21.6499999817461,13.5,37.4999991618097));
#3081=CARTESIAN_POINT('',(-18.3,13.5,46.8));
#3082=CARTESIAN_POINT('',(-18.2999995975605,13.5,37.6499996052575));
#3083=CARTESIAN_POINT('',(-15.3,13.5,49.8));
#3084=CARTESIAN_POINT('',(-16.8875000465661,13.5,48.2124999534339));
#3085=CARTESIAN_POINT('',(10.4749999068677,13.5,49.8));
#3086=CARTESIAN_POINT('Origin',(-18.2999995909631,12.,19.5000002980232));
#3087=CARTESIAN_POINT('',(-18.3,12.,10.2));
#3088=CARTESIAN_POINT('Origin',(-18.3,12.,10.2));
#3089=CARTESIAN_POINT('',(-15.3,12.,7.2));
#3090=CARTESIAN_POINT('Origin',(-15.3,12.,7.2));
#3091=CARTESIAN_POINT('',(21.3,12.,7.2));
#3092=CARTESIAN_POINT('Origin',(21.3,12.,7.2));
#3093=CARTESIAN_POINT('',(24.3,12.,10.2));
#3094=CARTESIAN_POINT('Origin',(24.3,12.,10.2));
#3095=CARTESIAN_POINT('',(24.3,12.,46.8));
#3096=CARTESIAN_POINT('Origin',(24.3,12.,46.8));
#3097=CARTESIAN_POINT('',(21.3,12.,49.8));
#3098=CARTESIAN_POINT('Origin',(21.3,12.,49.8));
#3099=CARTESIAN_POINT('',(-15.3,12.,49.8));
#3100=CARTESIAN_POINT('Origin',(-15.3,12.,49.8));
#3101=CARTESIAN_POINT('',(-18.3,12.,46.8));
#3102=CARTESIAN_POINT('Origin',(-18.3,12.,46.8));
#3103=CARTESIAN_POINT('',(-18.2999995909631,12.,37.4999991618097));
#3104=CARTESIAN_POINT('Origin',(-18.2999995909631,12.,37.4999991618097));
#3105=CARTESIAN_POINT('Origin',(-30.000000372529,12.,14.5000002980232));
#3106=CARTESIAN_POINT('',(-30.000000372529,12.,14.5000002980232));
#3107=CARTESIAN_POINT('',(-30.000000372529,13.4,16.5000002980232));
#3108=CARTESIAN_POINT('Origin',(-27.000000372529,12.,16.5000002980232));
#3109=CARTESIAN_POINT('Origin',(-23.2999998108754,12.,14.5000002980232));
#3110=CARTESIAN_POINT('Origin',(3.00000004470348,24.0000001788139,54.8));
#3111=CARTESIAN_POINT('',(-2.07499995529652,24.0000001788139,52.8));
#3112=CARTESIAN_POINT('',(-2.07499995529652,24.0000001788139,54.8));
#3113=CARTESIAN_POINT('Origin',(3.00000004470348,24.0000001788139,52.8));
#3114=CARTESIAN_POINT('Origin',(3.00000004470348,24.0000001788139,52.8));
#3115=CARTESIAN_POINT('Origin',(3.00000004470348,24.0000001788139,52.8));
#3116=CARTESIAN_POINT('',(-1.99999995529652,24.0000001788139,352.8));
#3117=CARTESIAN_POINT('Origin',(3.00000004470348,24.0000001788139,352.8));
#3118=CARTESIAN_POINT('',(-1.99999995529652,24.0000001788139,52.8));
#3119=CARTESIAN_POINT('',(-1.99999995529652,24.0000001788139,52.8));
#3120=CARTESIAN_POINT('Origin',(3.00000004470348,24.0000001788139,52.8));
#3121=CARTESIAN_POINT('Origin',(3.00000004470348,24.0000001788139,352.8));
#3122=CARTESIAN_POINT('Origin',(3.00000004470348,24.0000001788139,52.8));
#3123=CARTESIAN_POINT('Origin',(-0.350000186264516,0.500000000000003,378.5));
#3124=CARTESIAN_POINT('',(-27.000000372529,0.500000000000003,369.500000298023));
#3125=CARTESIAN_POINT('',(-30.000000372529,0.500000000000003,366.500000298023));
#3126=CARTESIAN_POINT('Origin',(-27.000000372529,0.500000000000003,366.500000298023));
#3127=CARTESIAN_POINT('',(-30.000000372529,0.500000000000003,364.500000298023));
#3128=CARTESIAN_POINT('',(-30.000000372529,0.500000000000003,371.500000149012));
#3129=CARTESIAN_POINT('',(-28.3000000307877,0.500000000000003,364.500000298023));
#3130=CARTESIAN_POINT('',(-11.8250000171964,0.500000000000003,364.500000298023));
#3131=CARTESIAN_POINT('',(-23.3000000307877,0.500000000000003,359.500000078111));
#3132=CARTESIAN_POINT('Origin',(-28.3000000307877,0.500000000000003,359.500000298023));
#3133=CARTESIAN_POINT('',(-23.3000000910907,0.500000000000003,358.128932279225));
#3134=CARTESIAN_POINT('',(-23.2999996431058,0.500000000000003,368.314466644311));
#3135=CARTESIAN_POINT('',(-17.3710678118655,0.500000000000003,352.2));
#3136=CARTESIAN_POINT('',(-19.6908009147785,0.500000000000003,354.519733102913));
#3137=CARTESIAN_POINT('',(23.3710678118655,0.500000000000003,352.2));
#3138=CARTESIAN_POINT('',(11.510533794174,0.500000000000003,352.2));
#3139=CARTESIAN_POINT('',(29.3,0.500000000000003,358.128932188135));
#3140=CARTESIAN_POINT('',(26.980266897087,0.500000000000003,355.809199085222));
#3141=CARTESIAN_POINT('',(29.3,0.499999999999998,394.8));
#3142=CARTESIAN_POINT('',(29.3,0.500000000000003,388.685533905933));
#3143=CARTESIAN_POINT('',(64.3,0.499999999999998,394.8));
#3144=CARTESIAN_POINT('',(29.3,0.499999999999998,394.8));
#3145=CARTESIAN_POINT('',(64.3,0.499999999999998,404.8));
#3146=CARTESIAN_POINT('',(64.3,0.499999999999998,394.8));
#3147=CARTESIAN_POINT('',(-17.3710678118655,0.500000000000003,404.8));
#3148=CARTESIAN_POINT('',(29.3,0.499999999999998,404.8));
#3149=CARTESIAN_POINT('',(-23.3000000910907,0.500000000000003,398.871067720775));
#3150=CARTESIAN_POINT('',(-22.655267054391,0.500000000000003,399.515800757474));
#3151=CARTESIAN_POINT('',(-23.3000000307877,0.500000000000003,397.499999381722));
#3152=CARTESIAN_POINT('',(-23.2999995029982,0.500000000000003,385.499999076206));
#3153=CARTESIAN_POINT('',(-28.3000000307877,0.500000000000003,392.49999916181));
#3154=CARTESIAN_POINT('Origin',(-28.3000000307877,0.500000000000003,397.49999916181));
#3155=CARTESIAN_POINT('',(-30.000000372529,0.500000000000003,392.49999916181));
#3156=CARTESIAN_POINT('',(-15.1750002980232,0.500000000000003,392.49999916181));
#3157=CARTESIAN_POINT('',(-30.000000372529,0.500000000000003,390.49999916181));
#3158=CARTESIAN_POINT('',(-30.000000372529,0.500000000000003,382.999999580905));
#3159=CARTESIAN_POINT('',(-27.000000372529,0.500000000000003,387.49999916181));
#3160=CARTESIAN_POINT('Origin',(-27.000000372529,0.500000000000003,390.49999916181));
#3161=CARTESIAN_POINT('',(-27.000000372529,0.500000000000003,387.49999916181));
#3162=CARTESIAN_POINT('Origin',(29.3,10.5,394.8));
#3163=CARTESIAN_POINT('',(29.3,56.,394.8));
#3164=CARTESIAN_POINT('',(29.3,11.25,394.8));
#3165=CARTESIAN_POINT('',(64.3,56.,394.8));
#3166=CARTESIAN_POINT('',(29.3,56.,394.8));
#3167=CARTESIAN_POINT('',(64.3,10.5,394.8));
#3168=CARTESIAN_POINT('Origin',(64.3,33.25,399.8));
#3169=CARTESIAN_POINT('',(64.3,56.,404.8));
#3170=CARTESIAN_POINT('',(64.3,56.,404.8));
#3171=CARTESIAN_POINT('',(64.3,10.5,404.8));
#3172=CARTESIAN_POINT('Origin',(29.3,12.,398.871067811865));
#3173=CARTESIAN_POINT('',(29.3,56.,358.128932188135));
#3174=CARTESIAN_POINT('',(29.3,12.,358.128932188135));
#3175=CARTESIAN_POINT('',(29.3000000000001,56.,406.344053982516));
#3176=CARTESIAN_POINT('',(29.3,33.25,383.575));
#3177=CARTESIAN_POINT('Origin',(29.3,33.25,378.5));
#3178=CARTESIAN_POINT('Origin',(29.3,33.25,378.5));
#3179=CARTESIAN_POINT('',(27.3,33.25,383.575));
#3180=CARTESIAN_POINT('',(29.3,33.25,383.575));
#3181=CARTESIAN_POINT('Origin',(27.3,33.25,378.5));
#3182=CARTESIAN_POINT('Origin',(27.3,33.25,378.5));
#3183=CARTESIAN_POINT('Origin',(-0.350000223517419,56.,378.5));
#3184=CARTESIAN_POINT('',(-30.000000372529,56.,390.49999916181));
#3185=CARTESIAN_POINT('',(-27.000000372529,56.,387.49999916181));
#3186=CARTESIAN_POINT('Origin',(-27.000000372529,56.,390.49999916181));
#3187=CARTESIAN_POINT('',(-30.000000372529,56.,392.49999916181));
#3188=CARTESIAN_POINT('',(-30.000000372529,56.,382.999999580905));
#3189=CARTESIAN_POINT('',(-28.3000000307877,56.,392.49999916181));
#3190=CARTESIAN_POINT('',(-15.1750002980232,56.,392.49999916181));
#3191=CARTESIAN_POINT('',(-23.3000000307877,56.,397.499999381722));
#3192=CARTESIAN_POINT('Origin',(-28.3000000307877,56.,397.49999916181));
#3193=CARTESIAN_POINT('',(-23.3000000910907,56.,398.871067720775));
#3194=CARTESIAN_POINT('',(-23.2999995029982,56.,385.499999076206));
#3195=CARTESIAN_POINT('',(-17.3710678118655,56.,404.8));
#3196=CARTESIAN_POINT('',(-22.6552670543911,56.,399.515800757474));
#3197=CARTESIAN_POINT('',(-8.86053401769145,56.,404.8));
#3198=CARTESIAN_POINT('',(23.3710678118655,56.,352.2));
#3199=CARTESIAN_POINT('',(26.980266897087,56.,355.809199085222));
#3200=CARTESIAN_POINT('',(-17.3710678118655,56.,352.2));
#3201=CARTESIAN_POINT('',(11.510533794174,56.,352.2));
#3202=CARTESIAN_POINT('',(-23.3000000910907,56.,358.128932279225));
#3203=CARTESIAN_POINT('',(-19.6908009147785,56.,354.519733102913));
#3204=CARTESIAN_POINT('',(-23.3000000307877,56.,359.500000078111));
#3205=CARTESIAN_POINT('',(-23.2999996431058,56.,368.314466644311));
#3206=CARTESIAN_POINT('',(-28.3000000307877,56.,364.500000298023));
#3207=CARTESIAN_POINT('Origin',(-28.3000000307877,56.,359.500000298023));
#3208=CARTESIAN_POINT('',(-30.000000372529,56.,364.500000298023));
#3209=CARTESIAN_POINT('',(-11.8250000171964,56.,364.500000298023));
#3210=CARTESIAN_POINT('',(-30.000000372529,56.,366.500000298023));
#3211=CARTESIAN_POINT('',(-30.000000372529,56.,371.500000149012));
#3212=CARTESIAN_POINT('',(-27.000000372529,56.,369.500000298023));
#3213=CARTESIAN_POINT('Origin',(-27.000000372529,56.,366.500000298023));
#3214=CARTESIAN_POINT('',(-18.2999995909631,56.,369.500000298023));
#3215=CARTESIAN_POINT('',(-15.1750003352761,56.,369.500000298023));
#3216=CARTESIAN_POINT('',(-18.3,56.,360.2));
#3217=CARTESIAN_POINT('',(-18.299999393042,56.,374.000000543754));
#3218=CARTESIAN_POINT('',(-15.3,56.,357.2));
#3219=CARTESIAN_POINT('',(-18.3875000558794,56.,360.287500055879));
#3220=CARTESIAN_POINT('',(21.3,56.,357.2));
#3221=CARTESIAN_POINT('',(-7.82500011175871,56.,357.2));
#3222=CARTESIAN_POINT('',(24.3,56.,360.2));
#3223=CARTESIAN_POINT('',(21.2124999441206,56.,357.112499944121));
#3224=CARTESIAN_POINT('',(24.3,56.,396.8));
#3225=CARTESIAN_POINT('',(24.3,56.,369.35));
#3226=CARTESIAN_POINT('',(21.3,56.,399.8));
#3227=CARTESIAN_POINT('',(22.7124999441206,56.,398.387500055879));
#3228=CARTESIAN_POINT('',(-15.3,56.,399.8));
#3229=CARTESIAN_POINT('',(10.4749998882413,56.,399.8));
#3230=CARTESIAN_POINT('',(-18.3,56.,396.8));
#3231=CARTESIAN_POINT('',(-16.8875000558793,56.,398.212499944121));
#3232=CARTESIAN_POINT('',(-18.2999995909631,56.,387.49999916181));
#3233=CARTESIAN_POINT('',(-18.2999995975605,56.,387.649999605258));
#3234=CARTESIAN_POINT('',(-9.32499990724027,56.,387.49999916181));
#3235=CARTESIAN_POINT('Origin',(-30.000000372529,12.,364.500000298023));
#3236=CARTESIAN_POINT('',(-30.000000372529,12.,364.500000298023));
#3237=CARTESIAN_POINT('',(-30.000000372529,13.4,366.500000298023));
#3238=CARTESIAN_POINT('Origin',(-23.2999998108754,12.,364.500000298023));
#3239=CARTESIAN_POINT('',(-28.3000000307877,12.,364.500000298023));
#3240=CARTESIAN_POINT('Origin',(-28.3000000307877,12.,359.500000298023));
#3241=CARTESIAN_POINT('',(-23.3000000307877,12.,359.500000078111));
#3242=CARTESIAN_POINT('Origin',(-23.3000000910907,12.,358.128932279225));
#3243=CARTESIAN_POINT('',(-23.3000000910907,12.,358.128932279225));
#3244=CARTESIAN_POINT('Origin',(-17.3710678118655,12.,352.2));
#3245=CARTESIAN_POINT('',(-17.3710678118655,12.,352.2));
#3246=CARTESIAN_POINT('Origin',(23.3710678118655,12.,352.2));
#3247=CARTESIAN_POINT('',(23.3710678118655,12.,352.2));
#3248=CARTESIAN_POINT('',(8.07500004470348,24.0000001788139,352.2));
#3249=CARTESIAN_POINT('Origin',(3.00000004470348,24.0000001788139,352.2));
#3250=CARTESIAN_POINT('Origin',(29.3,12.,358.128932188135));
#3251=CARTESIAN_POINT('Origin',(-17.3710678118655,12.,404.8));
#3252=CARTESIAN_POINT('',(-17.3710678118655,12.,404.8));
#3253=CARTESIAN_POINT('Origin',(-23.3000000910907,12.,398.871067720775));
#3254=CARTESIAN_POINT('',(-23.3000000910907,12.,398.871067720775));
#3255=CARTESIAN_POINT('Origin',(-23.2999998108754,12.,392.49999916181));
#3256=CARTESIAN_POINT('',(-23.3000000307877,12.,397.499999381722));
#3257=CARTESIAN_POINT('Origin',(-28.3000000307877,12.,397.49999916181));
#3258=CARTESIAN_POINT('',(-28.3000000307877,12.,392.49999916181));
#3259=CARTESIAN_POINT('Origin',(-30.000000372529,12.,392.49999916181));
#3260=CARTESIAN_POINT('',(-30.000000372529,12.,392.49999916181));
#3261=CARTESIAN_POINT('Origin',(-0.350000186264516,23.,378.5));
#3262=CARTESIAN_POINT('',(24.3,23.,396.8));
#3263=CARTESIAN_POINT('',(21.3,23.,399.8));
#3264=CARTESIAN_POINT('',(22.7124999534339,23.,398.387500046566));
#3265=CARTESIAN_POINT('',(24.3,23.,360.2));
#3266=CARTESIAN_POINT('',(24.3,23.,369.35));
#3267=CARTESIAN_POINT('',(21.3,23.,357.2));
#3268=CARTESIAN_POINT('',(21.2124999534339,23.,357.112499953434));
#3269=CARTESIAN_POINT('',(-15.3,23.,357.2));
#3270=CARTESIAN_POINT('',(-7.82500009313226,23.,357.2));
#3271=CARTESIAN_POINT('',(-18.3,23.,360.2));
#3272=CARTESIAN_POINT('',(-18.3875000465661,23.,360.287500046566));
#3273=CARTESIAN_POINT('',(-18.2999995909631,23.,369.500000298023));
#3274=CARTESIAN_POINT('',(-18.299999393042,23.,374.000000543754));
#3275=CARTESIAN_POINT('',(-27.000000372529,23.,369.500000298023));
#3276=CARTESIAN_POINT('',(-15.1750003166497,23.,369.500000298023));
#3277=CARTESIAN_POINT('',(-27.000000372529,23.,387.49999916181));
#3278=CARTESIAN_POINT('',(-27.000000372529,23.,387.49999916181));
#3279=CARTESIAN_POINT('',(-18.2999995909631,23.,387.49999916181));
#3280=CARTESIAN_POINT('',(-9.32499988861382,23.,387.49999916181));
#3281=CARTESIAN_POINT('',(-18.3,23.,396.8));
#3282=CARTESIAN_POINT('',(-18.2999995975605,23.,387.649999605258));
#3283=CARTESIAN_POINT('',(-15.3,23.,399.8));
#3284=CARTESIAN_POINT('',(-16.8875000465661,23.,398.212499953434));
#3285=CARTESIAN_POINT('',(10.4749999068677,23.,399.8));
#3286=CARTESIAN_POINT('Origin',(21.3,12.,399.8));
#3287=CARTESIAN_POINT('',(21.3,12.,399.8));
#3288=CARTESIAN_POINT('',(-15.3,12.,399.8));
#3289=CARTESIAN_POINT('Origin',(-15.3,12.,399.8));
#3290=CARTESIAN_POINT('',(-18.3,12.,396.8));
#3291=CARTESIAN_POINT('Origin',(-18.3,12.,396.8));
#3292=CARTESIAN_POINT('',(-18.2999995909631,12.,387.49999916181));
#3293=CARTESIAN_POINT('Origin',(-18.2999995909631,12.,387.49999916181));
#3294=CARTESIAN_POINT('',(-27.000000372529,13.4,387.49999916181));
#3295=CARTESIAN_POINT('Origin',(3.00000004470348,24.0000001788139,352.2));
#3296=CARTESIAN_POINT('',(8.07500004470348,24.0000001788139,354.2));
#3297=CARTESIAN_POINT('',(8.07500004470348,24.0000001788139,352.2));
#3298=CARTESIAN_POINT('Origin',(3.00000004470348,24.0000001788139,354.2));
#3299=CARTESIAN_POINT('Origin',(3.00000004470348,24.0000001788139,354.2));
#3300=CARTESIAN_POINT('Origin',(-27.000000372529,13.5,387.49999916181));
#3301=CARTESIAN_POINT('',(-27.000000372529,12.,369.500000298023));
#3302=CARTESIAN_POINT('',(-27.000000372529,13.4,387.49999916181));
#3303=CARTESIAN_POINT('Origin',(-30.0000004470348,12.,369.500000298023));
#3304=CARTESIAN_POINT('',(-27.000000372529,12.,369.500000298023));
#3305=CARTESIAN_POINT('',(-18.2999995909631,12.,369.500000298023));
#3306=CARTESIAN_POINT('Origin',(-18.2999995909631,12.,369.500000298023));
#3307=CARTESIAN_POINT('',(-18.3,12.,360.2));
#3308=CARTESIAN_POINT('Origin',(-18.3,12.,360.2));
#3309=CARTESIAN_POINT('',(-15.3,12.,357.2));
#3310=CARTESIAN_POINT('Origin',(-15.3,12.,357.2));
#3311=CARTESIAN_POINT('',(21.3,12.,357.2));
#3312=CARTESIAN_POINT('Origin',(21.3,12.,357.2));
#3313=CARTESIAN_POINT('',(24.3,12.,360.2));
#3314=CARTESIAN_POINT('Origin',(24.3,12.,360.2));
#3315=CARTESIAN_POINT('',(24.3,12.,396.8));
#3316=CARTESIAN_POINT('Origin',(24.3,12.,396.8));
#3317=CARTESIAN_POINT('Origin',(-27.000000372529,12.,366.500000298023));
#3318=CARTESIAN_POINT('Origin',(-27.000000372529,12.,390.49999916181));
#3319=CARTESIAN_POINT('',(-30.000000372529,12.,390.49999916181));
#3320=CARTESIAN_POINT('Origin',(-30.000000372529,12.,387.49999916181));
#3321=CARTESIAN_POINT('Origin',(27.3,33.25,378.5));
#3322=CARTESIAN_POINT('',(327.3,33.25,383.5));
#3323=CARTESIAN_POINT('Origin',(327.3,33.25,378.5));
#3324=CARTESIAN_POINT('',(27.3,33.25,383.5));
#3325=CARTESIAN_POINT('',(27.3,33.25,383.5));
#3326=CARTESIAN_POINT('Origin',(27.3,33.25,378.5));
#3327=CARTESIAN_POINT('Origin',(327.3,33.25,378.5));
#3328=CARTESIAN_POINT('Origin',(27.3,33.25,378.5));
#3329=CARTESIAN_POINT('Origin',(27.3,33.2500007682713,28.5000179777853));
#3330=CARTESIAN_POINT('',(327.3,33.2500007682713,33.5750179777853));
#3331=CARTESIAN_POINT('Origin',(327.3,33.2500007682713,28.5000179777853));
#3332=CARTESIAN_POINT('',(27.3,33.2500007682713,33.5750179777853));
#3333=CARTESIAN_POINT('',(27.3,33.2500007682713,33.5750179777853));
#3334=CARTESIAN_POINT('Origin',(27.3,33.2500007682713,28.5000179777853));
#3335=CARTESIAN_POINT('Origin',(327.3,33.2500007682713,28.5000179777853));
#3336=CARTESIAN_POINT('Origin',(27.3,33.2500007682713,28.5000179777853));
#3337=CARTESIAN_POINT('Origin',(330.5,2.,27.5));
#3338=CARTESIAN_POINT('',(340.,2.,54.));
#3339=CARTESIAN_POINT('',(325.,2.,39.));
#3340=CARTESIAN_POINT('',(327.25,2.,41.25));
#3341=CARTESIAN_POINT('',(325.,2.,15.));
#3342=CARTESIAN_POINT('',(325.,2.,50.));
#3343=CARTESIAN_POINT('',(288.,2.,15.));
#3344=CARTESIAN_POINT('',(293.,2.,15.));
#3345=CARTESIAN_POINT('',(288.,2.,5.));
#3346=CARTESIAN_POINT('',(288.,2.,5.));
#3347=CARTESIAN_POINT('',(368.,2.,5.));
#3348=CARTESIAN_POINT('',(328.,2.,5.));
#3349=CARTESIAN_POINT('',(368.,2.,54.));
#3350=CARTESIAN_POINT('',(368.,2.,50.));
#3351=CARTESIAN_POINT('',(328.,2.,54.));
#3352=CARTESIAN_POINT('Origin',(346.500002421439,46.5,29.2500002160668));
#3353=CARTESIAN_POINT('',(349.000002421439,76.5,29.2500002160668));
#3354=CARTESIAN_POINT('Origin',(346.500002421439,76.5,29.2500002160668));
#3355=CARTESIAN_POINT('',(349.000002421439,46.5,29.2500002160668));
#3356=CARTESIAN_POINT('',(349.000002421439,46.5,29.2500002160668));
#3357=CARTESIAN_POINT('Origin',(346.500002421439,46.5,29.2500002160668));
#3358=CARTESIAN_POINT('Origin',(346.500002421439,76.5,29.2500002160668));
#3359=CARTESIAN_POINT('Origin',(332.5,12.,46.5));
#3360=CARTESIAN_POINT('',(340.,46.5,54.));
#3361=CARTESIAN_POINT('',(325.,46.5,39.));
#3362=CARTESIAN_POINT('',(327.25,46.5,41.25));
#3363=CARTESIAN_POINT('',(325.,12.,39.));
#3364=CARTESIAN_POINT('',(340.,12.,54.));
#3365=CARTESIAN_POINT('Origin',(330.5,46.5,27.5));
#3366=CARTESIAN_POINT('',(368.,46.5,54.));
#3367=CARTESIAN_POINT('',(368.,46.5,54.));
#3368=CARTESIAN_POINT('',(368.,46.5,5.));
#3369=CARTESIAN_POINT('',(368.,46.5,50.));
#3370=CARTESIAN_POINT('',(288.,46.5,5.));
#3371=CARTESIAN_POINT('',(328.,46.5,5.));
#3372=CARTESIAN_POINT('',(288.,46.5,15.));
#3373=CARTESIAN_POINT('',(288.,46.5,5.));
#3374=CARTESIAN_POINT('',(325.,46.5,15.));
#3375=CARTESIAN_POINT('',(293.,46.5,15.));
#3376=CARTESIAN_POINT('',(325.,46.5,50.));
#3377=CARTESIAN_POINT('Origin',(328.,12.,54.));
#3378=CARTESIAN_POINT('',(368.,12.,54.));
#3379=CARTESIAN_POINT('',(348.000000044703,24.0000001788139,54.));
#3380=CARTESIAN_POINT('Origin',(353.075000044703,24.0000001788139,54.));
#3381=CARTESIAN_POINT('Origin',(326.3,33.2500007682713,28.4238929777853));
#3382=CARTESIAN_POINT('',(326.3,33.2500007682713,33.5750179777853));
#3383=CARTESIAN_POINT('Origin',(326.3,33.2500007682713,28.4238929777853));
#3384=CARTESIAN_POINT('Origin',(288.,12.,5.));
#3385=CARTESIAN_POINT('',(288.,12.,15.));
#3386=CARTESIAN_POINT('',(288.,12.,5.));
#3387=CARTESIAN_POINT('Origin',(325.,12.,15.));
#3388=CARTESIAN_POINT('',(325.,12.,15.));
#3389=CARTESIAN_POINT('',(325.,33.2500007682713,33.5750179777853));
#3390=CARTESIAN_POINT('Origin',(325.,33.2500007682713,28.4238929777853));
#3391=CARTESIAN_POINT('Origin',(353.075000044703,24.0000001788139,52.3));
#3392=CARTESIAN_POINT('',(348.000000044703,24.0000001788139,52.3));
#3393=CARTESIAN_POINT('Origin',(353.075000044703,24.0000001788139,52.3));
#3394=CARTESIAN_POINT('Origin',(353.075000044703,24.0000001788139,48.3));
#3395=CARTESIAN_POINT('',(348.000000044703,24.0000001788139,48.3));
#3396=CARTESIAN_POINT('Origin',(24.8,33.2500007682713,28.4238929777853));
#3397=CARTESIAN_POINT('',(24.8,33.2500007682713,33.5750179777853));
#3398=CARTESIAN_POINT('Origin',(368.,12.,50.));
#3399=CARTESIAN_POINT('',(368.,12.,5.));
#3400=CARTESIAN_POINT('Origin',(293.,12.,15.));
#3401=CARTESIAN_POINT('Origin',(368.,12.,5.));
#3402=CARTESIAN_POINT('Origin',(353.000000044703,24.0000001788139,52.8));
#3403=CARTESIAN_POINT('',(348.000000044703,24.0000001788139,352.8));
#3404=CARTESIAN_POINT('Origin',(353.000000044703,24.0000001788139,352.8));
#3405=CARTESIAN_POINT('',(348.000000044703,24.0000001788139,52.8));
#3406=CARTESIAN_POINT('',(348.000000044703,24.0000001788139,52.8));
#3407=CARTESIAN_POINT('Origin',(353.000000044703,24.0000001788139,52.8));
#3408=CARTESIAN_POINT('Origin',(353.000000044703,24.0000001788139,352.8));
#3409=CARTESIAN_POINT('Origin',(353.000000044703,24.0000001788139,52.8));
#3410=CARTESIAN_POINT('Origin',(330.5,2.,379.5));
#3411=CARTESIAN_POINT('',(325.,2.,366.));
#3412=CARTESIAN_POINT('',(340.,2.,351.));
#3413=CARTESIAN_POINT('',(326.75,2.,364.25));
#3414=CARTESIAN_POINT('',(368.,2.,351.));
#3415=CARTESIAN_POINT('',(328.,2.,351.));
#3416=CARTESIAN_POINT('',(368.,2.,402.));
#3417=CARTESIAN_POINT('',(368.,2.,357.));
#3418=CARTESIAN_POINT('',(288.,2.,402.));
#3419=CARTESIAN_POINT('',(328.,2.,402.));
#3420=CARTESIAN_POINT('',(288.,2.,392.));
#3421=CARTESIAN_POINT('',(288.,2.,402.));
#3422=CARTESIAN_POINT('',(325.,2.,392.));
#3423=CARTESIAN_POINT('',(293.,2.,392.));
#3424=CARTESIAN_POINT('',(325.,2.,357.));
#3425=CARTESIAN_POINT('Origin',(346.5,46.5,377.96230769949));
#3426=CARTESIAN_POINT('',(349.,76.5,377.96230769949));
#3427=CARTESIAN_POINT('Origin',(346.5,76.5,377.96230769949));
#3428=CARTESIAN_POINT('',(349.,46.5,377.96230769949));
#3429=CARTESIAN_POINT('',(349.,46.5,377.96230769949));
#3430=CARTESIAN_POINT('Origin',(346.5,46.5,377.96230769949));
#3431=CARTESIAN_POINT('Origin',(346.5,76.5,377.96230769949));
#3432=CARTESIAN_POINT('Origin',(332.5,12.,358.5));
#3433=CARTESIAN_POINT('',(325.,46.5,366.));
#3434=CARTESIAN_POINT('',(340.,46.5,351.));
#3435=CARTESIAN_POINT('',(326.75,46.5,364.25));
#3436=CARTESIAN_POINT('',(340.,12.,351.));
#3437=CARTESIAN_POINT('',(325.,12.,366.));
#3438=CARTESIAN_POINT('Origin',(330.5,46.5,379.5));
#3439=CARTESIAN_POINT('',(325.,46.5,392.));
#3440=CARTESIAN_POINT('',(325.,46.5,353.));
#3441=CARTESIAN_POINT('',(288.,46.5,392.));
#3442=CARTESIAN_POINT('',(293.,46.5,392.));
#3443=CARTESIAN_POINT('',(288.,46.5,402.));
#3444=CARTESIAN_POINT('',(288.,46.5,402.));
#3445=CARTESIAN_POINT('',(368.,46.5,402.));
#3446=CARTESIAN_POINT('',(328.,46.5,402.));
#3447=CARTESIAN_POINT('',(368.,46.5,351.));
#3448=CARTESIAN_POINT('',(368.,46.5,357.));
#3449=CARTESIAN_POINT('',(368.,46.5,351.));
#3450=CARTESIAN_POINT('Origin',(325.,12.,392.));
#3451=CARTESIAN_POINT('',(325.,12.,392.));
#3452=CARTESIAN_POINT('',(325.,33.2500007682713,373.424982022215));
#3453=CARTESIAN_POINT('Origin',(325.,33.2500007682713,378.576107022215));
#3454=CARTESIAN_POINT('Origin',(328.,12.,351.));
#3455=CARTESIAN_POINT('',(368.,12.,351.));
#3456=CARTESIAN_POINT('',(348.000000044703,24.0000001788139,351.));
#3457=CARTESIAN_POINT('Origin',(353.075000044703,24.0000001788139,351.));
#3458=CARTESIAN_POINT('Origin',(326.3,33.2500007682713,378.576107022215));
#3459=CARTESIAN_POINT('',(326.3,33.2500007682713,373.424982022215));
#3460=CARTESIAN_POINT('Origin',(326.3,33.2500007682713,378.576107022215));
#3461=CARTESIAN_POINT('Origin',(288.,12.,402.));
#3462=CARTESIAN_POINT('',(288.,12.,402.));
#3463=CARTESIAN_POINT('',(288.,12.,392.));
#3464=CARTESIAN_POINT('Origin',(353.075000044703,24.0000001788139,354.7));
#3465=CARTESIAN_POINT('',(348.000000044703,24.0000001788139,354.7));
#3466=CARTESIAN_POINT('Origin',(353.075000044703,24.0000001788139,354.7));
#3467=CARTESIAN_POINT('Origin',(353.075000044703,24.0000001788139,358.7));
#3468=CARTESIAN_POINT('',(348.000000044703,24.0000001788139,358.7));
#3469=CARTESIAN_POINT('Origin',(24.8,33.2500007682713,378.576107022215));
#3470=CARTESIAN_POINT('',(24.8,33.2500007682713,373.424982022215));
#3471=CARTESIAN_POINT('Origin',(368.,12.,357.));
#3472=CARTESIAN_POINT('',(368.,12.,402.));
#3473=CARTESIAN_POINT('Origin',(293.,12.,392.));
#3474=CARTESIAN_POINT('Origin',(368.,12.,402.));
#3475=CARTESIAN_POINT('Origin',(183.000000044703,34.0000001788139,52.8));
#3476=CARTESIAN_POINT('',(178.000000044703,34.0000001788139,352.8));
#3477=CARTESIAN_POINT('Origin',(183.000000044703,34.0000001788139,352.8));
#3478=CARTESIAN_POINT('',(178.000000044703,34.0000001788139,52.8));
#3479=CARTESIAN_POINT('',(178.000000044703,34.0000001788139,52.8));
#3480=CARTESIAN_POINT('Origin',(183.000000044703,34.0000001788139,52.8));
#3481=CARTESIAN_POINT('Origin',(183.000000044703,14.0000001788139,352.8));
#3482=CARTESIAN_POINT('Origin',(183.000000044703,14.0000001788139,52.8));
#3483=CARTESIAN_POINT('Origin',(153.000000044703,34.0000001788139,52.8));
#3484=CARTESIAN_POINT('',(148.000000044703,34.0000001788139,352.8));
#3485=CARTESIAN_POINT('Origin',(153.000000044703,34.0000001788139,352.8));
#3486=CARTESIAN_POINT('',(148.000000044703,34.0000001788139,52.8));
#3487=CARTESIAN_POINT('',(148.000000044703,34.0000001788139,52.8));
#3488=CARTESIAN_POINT('Origin',(153.000000044703,34.0000001788139,52.8));
#3489=CARTESIAN_POINT('Origin',(183.000000044703,54.0000001788139,352.8));
#3490=CARTESIAN_POINT('Origin',(183.000000044703,54.0000001788139,52.8));
#3491=CARTESIAN_POINT('Ctrl Pts',(354.000005275011,50.,38.0000005662441));
#3492=CARTESIAN_POINT('Ctrl Pts',(354.000005275011,56.,38.0000005662441));
#3493=CARTESIAN_POINT('Ctrl Pts',(353.985349680997,50.,37.8076345720787));
#3494=CARTESIAN_POINT('Ctrl Pts',(353.985349680997,56.,37.8076345720787));
#3495=CARTESIAN_POINT('Ctrl Pts',(353.962307152382,50.0000000000001,37.4293694971212));
#3496=CARTESIAN_POINT('Ctrl Pts',(353.962307152382,56.0000000000001,37.4293694971212));
#3497=CARTESIAN_POINT('Ctrl Pts',(353.946551447998,50.0000000000003,36.8813677683428));
#3498=CARTESIAN_POINT('Ctrl Pts',(353.946551447998,56.0000000000003,36.8813677683428));
#3499=CARTESIAN_POINT('Ctrl Pts',(353.952995559888,50.0000000000004,36.1811940353507));
#3500=CARTESIAN_POINT('Ctrl Pts',(353.952995559888,56.0000000000004,36.1811940353507));
#3501=CARTESIAN_POINT('Ctrl Pts',(353.967679201768,50.0000000000002,35.3146836264331));
#3502=CARTESIAN_POINT('Ctrl Pts',(353.967679201768,56.0000000000002,35.3146836264331));
#3503=CARTESIAN_POINT('Ctrl Pts',(353.972396918962,49.9999999999999,34.4142755043723));
#3504=CARTESIAN_POINT('Ctrl Pts',(353.972396918962,55.9999999999999,34.4142755043723));
#3505=CARTESIAN_POINT('Ctrl Pts',(354.010514141345,50.0000000000001,33.4556665263762));
#3506=CARTESIAN_POINT('Ctrl Pts',(354.010514141345,56.0000000000001,33.4556665263762));
#3507=CARTESIAN_POINT('Ctrl Pts',(354.229025296486,49.9999999999999,32.4579091483832));
#3508=CARTESIAN_POINT('Ctrl Pts',(354.229025296486,55.9999999999998,32.4579091483832));
#3509=CARTESIAN_POINT('Ctrl Pts',(354.56089431937,49.9999999999995,31.4356790911335));
#3510=CARTESIAN_POINT('Ctrl Pts',(354.56089431937,55.9999999999995,31.4356790911335));
#3511=CARTESIAN_POINT('Ctrl Pts',(354.876555251625,49.9999999999996,30.4029184867023));
#3512=CARTESIAN_POINT('Ctrl Pts',(354.876555251625,55.9999999999996,30.4029184867023));
#3513=CARTESIAN_POINT('Ctrl Pts',(355.037197261308,50.,29.3687326777175));
#3514=CARTESIAN_POINT('Ctrl Pts',(355.037197261308,56.,29.3687326777175));
#3515=CARTESIAN_POINT('Ctrl Pts',(354.997093556486,50.0000000000003,28.3346593376984));
#3516=CARTESIAN_POINT('Ctrl Pts',(354.997093556486,56.0000000000003,28.3346593376984));
#3517=CARTESIAN_POINT('Ctrl Pts',(354.867062481851,49.9999999999982,27.294122959346));
#3518=CARTESIAN_POINT('Ctrl Pts',(354.867062481851,55.9999999999982,27.294122959346));
#3519=CARTESIAN_POINT('Ctrl Pts',(354.604933817248,49.9999999999962,26.2633965440918));
#3520=CARTESIAN_POINT('Ctrl Pts',(354.604933817248,55.9999999999962,26.2633965440918));
#3521=CARTESIAN_POINT('Ctrl Pts',(354.144950472157,49.9999999999966,25.267014497487));
#3522=CARTESIAN_POINT('Ctrl Pts',(354.144950472157,55.9999999999966,25.267014497487));
#3523=CARTESIAN_POINT('Ctrl Pts',(353.425170938963,50.,24.3340646901743));
#3524=CARTESIAN_POINT('Ctrl Pts',(353.425170938963,56.,24.3340646901743));
#3525=CARTESIAN_POINT('Ctrl Pts',(352.453408020272,50.0000000000019,23.4906994057759));
#3526=CARTESIAN_POINT('Ctrl Pts',(352.453408020272,56.0000000000019,23.4906994057759));
#3527=CARTESIAN_POINT('Ctrl Pts',(351.368101809991,49.9999999999898,22.7528139774064));
#3528=CARTESIAN_POINT('Ctrl Pts',(351.368101809991,55.9999999999898,22.7528139774064));
#3529=CARTESIAN_POINT('Ctrl Pts',(350.242363039783,49.9999999999692,22.1292889943614));
#3530=CARTESIAN_POINT('Ctrl Pts',(350.242363039783,55.9999999999692,22.1292889943614));
#3531=CARTESIAN_POINT('Ctrl Pts',(349.125373576705,49.9999999999524,21.6241290825261));
#3532=CARTESIAN_POINT('Ctrl Pts',(349.125373576705,55.9999999999524,21.6241290825261));
#3533=CARTESIAN_POINT('Ctrl Pts',(348.256155239963,49.9999999999546,21.3153274185857));
#3534=CARTESIAN_POINT('Ctrl Pts',(348.256155239963,55.9999999999546,21.3153274185857));
#3535=CARTESIAN_POINT('Ctrl Pts',(347.621454240937,49.999999999971,21.137022362313));
#3536=CARTESIAN_POINT('Ctrl Pts',(347.621454240937,55.999999999971,21.137022362313));
#3537=CARTESIAN_POINT('Ctrl Pts',(347.205891185891,49.9999999999891,21.0417425925842));
#3538=CARTESIAN_POINT('Ctrl Pts',(347.205891185891,55.9999999999891,21.0417425925842));
#3539=CARTESIAN_POINT('Ctrl Pts',(347.000005170703,50.,21.0000003129244));
#3540=CARTESIAN_POINT('Ctrl Pts',(347.000005170703,56.,21.0000003129244));
#3541=CARTESIAN_POINT('',(347.000005170703,50.,21.0000003129244));
#3542=CARTESIAN_POINT('',(354.000005275011,50.,38.0000005662441));
#3543=CARTESIAN_POINT('Ctrl Pts',(347.000005170703,50.,21.0000003129244));
#3544=CARTESIAN_POINT('Ctrl Pts',(347.214469769858,49.9999999999887,21.0434818542367));
#3545=CARTESIAN_POINT('Ctrl Pts',(347.43140450569,49.9999999999797,21.0946402534486));
#3546=CARTESIAN_POINT('Ctrl Pts',(347.650798336861,49.999999999973,21.1534904736103));
#3547=CARTESIAN_POINT('Ctrl Pts',(347.809187686288,49.9999999999682,21.1959768463372));
#3548=CARTESIAN_POINT('Ctrl Pts',(347.968860005848,49.9999999999645,21.242473028142));
#3549=CARTESIAN_POINT('Ctrl Pts',(348.129776954386,49.9999999999619,21.2929897577072));
#3550=CARTESIAN_POINT('Ctrl Pts',(348.278080713233,49.9999999999594,21.3395468229957));
#3551=CARTESIAN_POINT('Ctrl Pts',(348.427442086961,49.9999999999579,21.3895190772286));
#3552=CARTESIAN_POINT('Ctrl Pts',(348.577786481872,49.9999999999571,21.4429143766343));
#3553=CARTESIAN_POINT('Ctrl Pts',(348.720781995877,49.9999999999564,21.4936996971541));
#3554=CARTESIAN_POINT('Ctrl Pts',(348.864667026791,49.9999999999563,21.5475817511558));
#3555=CARTESIAN_POINT('Ctrl Pts',(349.009331051113,49.9999999999567,21.6045642080207));
#3556=CARTESIAN_POINT('Ctrl Pts',(349.145308564672,49.9999999999572,21.6581250904675));
#3557=CARTESIAN_POINT('Ctrl Pts',(349.281974455198,49.9999999999581,21.7144253069492));
#3558=CARTESIAN_POINT('Ctrl Pts',(349.419192938936,49.9999999999594,21.7734635119283));
#3559=CARTESIAN_POINT('Ctrl Pts',(349.547629540024,49.9999999999606,21.8287233149468));
#3560=CARTESIAN_POINT('Ctrl Pts',(349.67655061078,49.9999999999621,21.8863819128495));
#3561=CARTESIAN_POINT('Ctrl Pts',(349.805800953025,49.9999999999638,21.9464332923095));
#3562=CARTESIAN_POINT('Ctrl Pts',(349.929010303935,49.9999999999654,22.0036779491204));
#3563=CARTESIAN_POINT('Ctrl Pts',(350.052519142423,49.9999999999672,22.0630969821778));
#3564=CARTESIAN_POINT('Ctrl Pts',(350.176147372592,49.9999999999691,22.1246799374226));
#3565=CARTESIAN_POINT('Ctrl Pts',(350.298462993004,49.999999999971,22.1856090421042));
#3566=CARTESIAN_POINT('Ctrl Pts',(350.420895769534,49.999999999973,22.2486564242454));
#3567=CARTESIAN_POINT('Ctrl Pts',(350.543220327042,49.999999999975,22.3138059218427));
#3568=CARTESIAN_POINT('Ctrl Pts',(350.666753560399,49.999999999977,22.3795991546464));
#3569=CARTESIAN_POINT('Ctrl Pts',(350.790176358253,49.999999999979,22.4475363345021));
#3570=CARTESIAN_POINT('Ctrl Pts',(350.913203535437,49.999999999981,22.517593494612));
#3571=CARTESIAN_POINT('Ctrl Pts',(351.037243882725,49.999999999983,22.5882275989535));
#3572=CARTESIAN_POINT('Ctrl Pts',(351.160881976087,49.9999999999849,22.6610168327882));
#3573=CARTESIAN_POINT('Ctrl Pts',(351.283773070202,49.9999999999867,22.7359279200589));
#3574=CARTESIAN_POINT('Ctrl Pts',(351.399380452157,49.9999999999884,22.8063990533911));
#3575=CARTESIAN_POINT('Ctrl Pts',(351.514326587599,49.9999999999899,22.8787479535479));
#3576=CARTESIAN_POINT('Ctrl Pts',(351.628282355501,49.9999999999913,22.9529389198497));
#3577=CARTESIAN_POINT('Ctrl Pts',(351.733098404794,49.9999999999926,23.0211794672497));
#3578=CARTESIAN_POINT('Ctrl Pts',(351.837077034529,49.9999999999938,23.0909784071224));
#3579=CARTESIAN_POINT('Ctrl Pts',(351.939920972346,49.9999999999948,23.1623014072184));
#3580=CARTESIAN_POINT('Ctrl Pts',(352.036936686658,49.9999999999958,23.2295824929876));
#3581=CARTESIAN_POINT('Ctrl Pts',(352.132942994164,49.9999999999966,23.2982197768934));
#3582=CARTESIAN_POINT('Ctrl Pts',(352.22764671017,49.9999999999973,23.3681787259399));
#3583=CARTESIAN_POINT('Ctrl Pts',(352.319961461335,49.999999999998,23.436372913511));
#3584=CARTESIAN_POINT('Ctrl Pts',(352.411038913191,49.9999999999985,23.5058229363624));
#3585=CARTESIAN_POINT('Ctrl Pts',(352.500559212442,49.9999999999989,23.5764912393788));
#3586=CARTESIAN_POINT('Ctrl Pts',(352.636219748339,49.9999999999995,23.6835831496869));
#3587=CARTESIAN_POINT('Ctrl Pts',(352.768301408401,49.9999999999999,23.7934745635993));
#3588=CARTESIAN_POINT('Ctrl Pts',(352.89554448588,50.,23.9060078000382));
#3589=CARTESIAN_POINT('Ctrl Pts',(352.976239609383,50.,23.9773742239925));
#3590=CARTESIAN_POINT('Ctrl Pts',(353.054985382522,50.,24.0498024931205));
#3591=CARTESIAN_POINT('Ctrl Pts',(353.131478493362,50.,24.1232446811267));
#3592=CARTESIAN_POINT('Ctrl Pts',(353.199615215031,49.9999999999999,24.1886637740098));
#3593=CARTESIAN_POINT('Ctrl Pts',(353.265963723682,49.9999999999998,24.2548872930282));
#3594=CARTESIAN_POINT('Ctrl Pts',(353.330346080291,49.9999999999996,24.3218769194376));
#3595=CARTESIAN_POINT('Ctrl Pts',(353.394272014542,49.9999999999995,24.388391639913));
#3596=CARTESIAN_POINT('Ctrl Pts',(353.456258837853,49.9999999999993,24.4556616398253));
#3597=CARTESIAN_POINT('Ctrl Pts',(353.516184007396,49.9999999999992,24.5236450717603));
#3598=CARTESIAN_POINT('Ctrl Pts',(353.577932627987,49.999999999999,24.5936971580037));
#3599=CARTESIAN_POINT('Ctrl Pts',(353.637492376692,49.9999999999988,24.6645067224898));
#3600=CARTESIAN_POINT('Ctrl Pts',(353.694786695587,49.9999999999986,24.7360236959676));
#3601=CARTESIAN_POINT('Ctrl Pts',(353.754144122852,49.9999999999984,24.8101159206997));
#3602=CARTESIAN_POINT('Ctrl Pts',(353.81107021863,49.9999999999982,24.8849673777398));
#3603=CARTESIAN_POINT('Ctrl Pts',(353.865538061823,49.999999999998,24.9605184169379));
#3604=CARTESIAN_POINT('Ctrl Pts',(353.922390768362,49.9999999999978,25.0393774428969));
#3605=CARTESIAN_POINT('Ctrl Pts',(353.97656547038,49.9999999999976,25.1189986017532));
#3606=CARTESIAN_POINT('Ctrl Pts',(354.028090730894,49.9999999999975,25.1993105211215));
#3607=CARTESIAN_POINT('Ctrl Pts',(354.082615244246,49.9999999999973,25.2842973465381));
#3608=CARTESIAN_POINT('Ctrl Pts',(354.134173181387,49.9999999999972,25.3700576160693));
#3609=CARTESIAN_POINT('Ctrl Pts',(354.182859468843,49.999999999997,25.4565038616945));
#3610=CARTESIAN_POINT('Ctrl Pts',(354.235696711505,49.9999999999969,25.5503204473499));
#3611=CARTESIAN_POINT('Ctrl Pts',(354.285152231129,49.9999999999968,25.6449448405045));
#3612=CARTESIAN_POINT('Ctrl Pts',(354.331411731106,49.9999999999968,25.7402635134724));
#3613=CARTESIAN_POINT('Ctrl Pts',(354.384374756725,49.9999999999967,25.8493949420655));
#3614=CARTESIAN_POINT('Ctrl Pts',(354.433149260863,49.9999999999967,25.9594361492672));
#3615=CARTESIAN_POINT('Ctrl Pts',(354.478085291999,49.9999999999967,26.0702180091487));
#3616=CARTESIAN_POINT('Ctrl Pts',(354.545218750806,49.9999999999967,26.2357237122315));
#3617=CARTESIAN_POINT('Ctrl Pts',(354.603789859733,49.9999999999969,26.4028796529022));
#3618=CARTESIAN_POINT('Ctrl Pts',(354.655085234838,49.9999999999971,26.5711499268987));
#3619=CARTESIAN_POINT('Ctrl Pts',(354.69391866897,49.9999999999972,26.6985398248825));
#3620=CARTESIAN_POINT('Ctrl Pts',(354.728585167572,49.9999999999974,26.8265690126634));
#3621=CARTESIAN_POINT('Ctrl Pts',(354.759631035381,49.9999999999976,26.9550258840727));
#3622=CARTESIAN_POINT('Ctrl Pts',(354.788986501347,49.9999999999978,27.0764884677554));
#3623=CARTESIAN_POINT('Ctrl Pts',(354.815106353311,49.999999999998,27.1983333611343));
#3624=CARTESIAN_POINT('Ctrl Pts',(354.838413758483,49.9999999999982,27.3204005744042));
#3625=CARTESIAN_POINT('Ctrl Pts',(354.856924833822,49.9999999999984,27.4173481052241));
#3626=CARTESIAN_POINT('Ctrl Pts',(354.873662652827,49.9999999999986,27.5144360583053));
#3627=CARTESIAN_POINT('Ctrl Pts',(354.888805591541,49.9999999999987,27.6115946361475));
#3628=CARTESIAN_POINT('Ctrl Pts',(354.902031669433,49.9999999999989,27.6964544472295));
#3629=CARTESIAN_POINT('Ctrl Pts',(354.914041703556,49.999999999999,27.781368153114));
#3630=CARTESIAN_POINT('Ctrl Pts',(354.92491448284,49.9999999999992,27.8662974098361));
#3631=CARTESIAN_POINT('Ctrl Pts',(354.934971894755,49.9999999999993,27.9448576837275));
#3632=CARTESIAN_POINT('Ctrl Pts',(354.944056619069,49.9999999999994,28.0234312541527));
#3633=CARTESIAN_POINT('Ctrl Pts',(354.952187560145,49.9999999999995,28.1019952608051));
#3634=CARTESIAN_POINT('Ctrl Pts',(354.959924389571,49.9999999999996,28.1767512223722));
#3635=CARTESIAN_POINT('Ctrl Pts',(354.966797996011,49.9999999999996,28.2514985042358));
#3636=CARTESIAN_POINT('Ctrl Pts',(354.972778473154,49.9999999999997,28.3262247108811));
#3637=CARTESIAN_POINT('Ctrl Pts',(354.97919218539,49.9999999999998,28.4063642005143));
#3638=CARTESIAN_POINT('Ctrl Pts',(354.984578836184,49.9999999999998,28.4864793905863));
#3639=CARTESIAN_POINT('Ctrl Pts',(354.988837121068,49.9999999999999,28.5665649203949));
#3640=CARTESIAN_POINT('Ctrl Pts',(354.994568486806,49.9999999999999,28.674354670074));
#3641=CARTESIAN_POINT('Ctrl Pts',(354.998253517165,50.,28.7820904700074));
#3642=CARTESIAN_POINT('Ctrl Pts',(354.999540705967,50.,28.8897800971385));
#3643=CARTESIAN_POINT('Ctrl Pts',(355.000653353615,50.,28.9828671486949));
#3644=CARTESIAN_POINT('Ctrl Pts',(354.999968430678,50.,29.0759204811574));
#3645=CARTESIAN_POINT('Ctrl Pts',(354.997267809983,50.,29.1689514080584));
#3646=CARTESIAN_POINT('Ctrl Pts',(354.995084276499,50.,29.2441697252138));
#3647=CARTESIAN_POINT('Ctrl Pts',(354.991582196013,50.,29.3193736052955));
#3648=CARTESIAN_POINT('Ctrl Pts',(354.986685071474,49.9999999999999,29.3945683300903));
#3649=CARTESIAN_POINT('Ctrl Pts',(354.981856770568,49.9999999999999,29.4687062767327));
#3650=CARTESIAN_POINT('Ctrl Pts',(354.975672109311,49.9999999999999,29.5428353743175));
#3651=CARTESIAN_POINT('Ctrl Pts',(354.968110490212,49.9999999999999,29.6169580242745));
#3652=CARTESIAN_POINT('Ctrl Pts',(354.96036478705,49.9999999999999,29.692885155299));
#3653=CARTESIAN_POINT('Ctrl Pts',(354.951174403108,49.9999999999998,29.7688055301698));
#3654=CARTESIAN_POINT('Ctrl Pts',(354.940571946241,49.9999999999998,29.8447186356911));
#3655=CARTESIAN_POINT('Ctrl Pts',(354.929676134279,49.9999999999998,29.9227321502528));
#3656=CARTESIAN_POINT('Ctrl Pts',(354.917289184176,49.9999999999998,30.0007379994044));
#3657=CARTESIAN_POINT('Ctrl Pts',(354.903501408234,49.9999999999997,30.0787322323599));
#3658=CARTESIAN_POINT('Ctrl Pts',(354.889271945029,49.9999999999997,30.1592249871501));
#3659=CARTESIAN_POINT('Ctrl Pts',(354.873550651251,49.9999999999997,30.2397053851197));
#3660=CARTESIAN_POINT('Ctrl Pts',(354.856491943278,49.9999999999997,30.320165301953));
#3661=CARTESIAN_POINT('Ctrl Pts',(354.837976868608,49.9999999999997,30.4074943875069));
#3662=CARTESIAN_POINT('Ctrl Pts',(354.817886152121,49.9999999999996,30.494799401778));
#3663=CARTESIAN_POINT('Ctrl Pts',(354.796481663442,49.9999999999996,30.5820649369703));
#3664=CARTESIAN_POINT('Ctrl Pts',(354.77282090319,49.9999999999996,30.6785292317939));
#3665=CARTESIAN_POINT('Ctrl Pts',(354.747555334151,49.9999999999996,30.7749453508596));
#3666=CARTESIAN_POINT('Ctrl Pts',(354.721111609392,49.9999999999996,30.8712855564016));
#3667=CARTESIAN_POINT('Ctrl Pts',(354.690838653815,49.9999999999996,30.9815764775633));
#3668=CARTESIAN_POINT('Ctrl Pts',(354.659023224288,49.9999999999996,31.0917680425593));
#3669=CARTESIAN_POINT('Ctrl Pts',(354.626380540332,49.9999999999996,31.2018082169066));
#3670=CARTESIAN_POINT('Ctrl Pts',(354.580443681271,49.9999999999996,31.3566637424776));
#3671=CARTESIAN_POINT('Ctrl Pts',(354.532878533675,49.9999999999996,31.5112206108594));
#3672=CARTESIAN_POINT('Ctrl Pts',(354.485738177946,49.9999999999997,31.665302185987));
#3673=CARTESIAN_POINT('Ctrl Pts',(354.453100696948,49.9999999999997,31.7719800929034));
#3674=CARTESIAN_POINT('Ctrl Pts',(354.420667578018,49.9999999999997,31.8784293418024));
#3675=CARTESIAN_POINT('Ctrl Pts',(354.389083644916,49.9999999999997,31.984583393773));
#3676=CARTESIAN_POINT('Ctrl Pts',(354.360494788446,49.9999999999997,32.0806709502478));
#3677=CARTESIAN_POINT('Ctrl Pts',(354.332602214824,49.9999999999998,32.1765164930512));
#3678=CARTESIAN_POINT('Ctrl Pts',(354.305841962453,49.9999999999998,32.2720676814869));
#3679=CARTESIAN_POINT('Ctrl Pts',(354.281188555312,49.9999999999998,32.3600960871481));
#3680=CARTESIAN_POINT('Ctrl Pts',(354.25749641131,49.9999999999998,32.4478745849383));
#3681=CARTESIAN_POINT('Ctrl Pts',(354.235064119753,49.9999999999999,32.5353610486843));
#3682=CARTESIAN_POINT('Ctrl Pts',(354.214871837481,49.9999999999999,32.6141114236297));
#3683=CARTESIAN_POINT('Ctrl Pts',(354.195700870845,49.9999999999999,32.6926251860691));
#3684=CARTESIAN_POINT('Ctrl Pts',(354.177728995877,49.9999999999999,32.770871029325));
#3685=CARTESIAN_POINT('Ctrl Pts',(354.161006643874,49.9999999999999,32.8436767068566));
#3686=CARTESIAN_POINT('Ctrl Pts',(354.145322837272,49.9999999999999,32.9162504383712));
#3687=CARTESIAN_POINT('Ctrl Pts',(354.130777589283,50.,32.988566267489));
#3688=CARTESIAN_POINT('Ctrl Pts',(354.116974411241,50.,33.0571926852252));
#3689=CARTESIAN_POINT('Ctrl Pts',(354.104196872729,50.,33.1255868538185));
#3690=CARTESIAN_POINT('Ctrl Pts',(354.092485250874,50.,33.1937257465548));
#3691=CARTESIAN_POINT('Ctrl Pts',(354.081226570151,50.,33.2592294016056));
#3692=CARTESIAN_POINT('Ctrl Pts',(354.070953199646,50.,33.32449715163));
#3693=CARTESIAN_POINT('Ctrl Pts',(354.061654133086,50.,33.3895076206033));
#3694=CARTESIAN_POINT('Ctrl Pts',(354.052140636265,50.,33.456017187549));
#3695=CARTESIAN_POINT('Ctrl Pts',(354.043647341042,50.,33.5222574515573));
#3696=CARTESIAN_POINT('Ctrl Pts',(354.036105338491,50.,33.5882044796342));
#3697=CARTESIAN_POINT('Ctrl Pts',(354.027740353059,50.,33.661347643581));
#3698=CARTESIAN_POINT('Ctrl Pts',(354.020544944684,50.,33.7341297970454));
#3699=CARTESIAN_POINT('Ctrl Pts',(354.01435669627,50.,33.806519499973));
#3700=CARTESIAN_POINT('Ctrl Pts',(354.006608610912,50.,33.8971560678376));
#3701=CARTESIAN_POINT('Ctrl Pts',(354.000437669103,50.,33.9871762458325));
#3702=CARTESIAN_POINT('Ctrl Pts',(353.99543818545,50.,34.0765319840116));
#3703=CARTESIAN_POINT('Ctrl Pts',(353.990641250136,50.,34.1622675770906));
#3704=CARTESIAN_POINT('Ctrl Pts',(353.986917181363,50.,34.2473908181777));
#3705=CARTESIAN_POINT('Ctrl Pts',(353.983901172425,50.,34.3318840034232));
#3706=CARTESIAN_POINT('Ctrl Pts',(353.981323182294,50.,34.4041061361121));
#3707=CARTESIAN_POINT('Ctrl Pts',(353.979261061047,50.,34.4758681472341));
#3708=CARTESIAN_POINT('Ctrl Pts',(353.97752557346,50.,34.5471792792806));
#3709=CARTESIAN_POINT('Ctrl Pts',(353.975722250915,50.,34.6212777477193));
#3710=CARTESIAN_POINT('Ctrl Pts',(353.974271605041,50.0000000000001,34.6948894735786));
#3711=CARTESIAN_POINT('Ctrl Pts',(353.973014669729,50.0000000000001,34.7680465557178));
#3712=CARTESIAN_POINT('Ctrl Pts',(353.97171634722,50.0000000000001,34.8436124861811));
#3713=CARTESIAN_POINT('Ctrl Pts',(353.970624856797,50.0000000000001,34.9186934827166));
#3714=CARTESIAN_POINT('Ctrl Pts',(353.969619369786,50.0000000000001,34.9933459396281));
#3715=CARTESIAN_POINT('Ctrl Pts',(353.968574599617,50.0000000000001,35.0709149774896));
#3716=CARTESIAN_POINT('Ctrl Pts',(353.967622871166,50.0000000000002,35.1480215178983));
#3717=CARTESIAN_POINT('Ctrl Pts',(353.966683813493,50.0000000000002,35.2247486639198));
#3718=CARTESIAN_POINT('Ctrl Pts',(353.965703058735,50.0000000000002,35.304882734105));
#3719=CARTESIAN_POINT('Ctrl Pts',(353.96473637356,50.0000000000002,35.384603205143));
#3720=CARTESIAN_POINT('Ctrl Pts',(353.963747868756,50.0000000000002,35.4640226818714));
#3721=CARTESIAN_POINT('Ctrl Pts',(353.962709625366,50.0000000000002,35.547438307526));
#3722=CARTESIAN_POINT('Ctrl Pts',(353.961647578037,50.0000000000003,35.6305221207694));
#3723=CARTESIAN_POINT('Ctrl Pts',(353.960576336222,50.0000000000003,35.7134203280707));
#3724=CARTESIAN_POINT('Ctrl Pts',(353.959379658127,50.0000000000003,35.8060254405249));
#3725=CARTESIAN_POINT('Ctrl Pts',(353.958171461624,50.0000000000003,35.898399242453));
#3726=CARTESIAN_POINT('Ctrl Pts',(353.95703971445,50.0000000000003,35.9907606222277));
#3727=CARTESIAN_POINT('Ctrl Pts',(353.955786777233,50.0000000000003,36.0930122670844));
#3728=CARTESIAN_POINT('Ctrl Pts',(353.954628269496,50.0000000000003,36.195249515381));
#3729=CARTESIAN_POINT('Ctrl Pts',(353.953756882108,50.0000000000003,36.2977777188079));
#3730=CARTESIAN_POINT('Ctrl Pts',(353.952766988251,50.0000000000003,36.4142494970034));
#3731=CARTESIAN_POINT('Ctrl Pts',(353.952149644723,50.0000000000003,36.5310989577887));
#3732=CARTESIAN_POINT('Ctrl Pts',(353.952255924195,50.0000000000003,36.6487597094603));
#3733=CARTESIAN_POINT('Ctrl Pts',(353.952353852371,50.0000000000003,36.7571748391101));
#3734=CARTESIAN_POINT('Ctrl Pts',(353.953069377729,50.0000000000002,36.8662800223904));
#3735=CARTESIAN_POINT('Ctrl Pts',(353.954688800301,50.0000000000002,36.9763784486632));
#3736=CARTESIAN_POINT('Ctrl Pts',(353.956074306766,50.0000000000002,37.0705738019401));
#3737=CARTESIAN_POINT('Ctrl Pts',(353.958122560407,50.0000000000002,37.1654961509527));
#3738=CARTESIAN_POINT('Ctrl Pts',(353.960996198554,50.0000000000001,37.2613019743308));
#3739=CARTESIAN_POINT('Ctrl Pts',(353.963691129691,50.0000000000001,37.3511497851022));
#3740=CARTESIAN_POINT('Ctrl Pts',(353.96711268664,50.0000000000001,37.4417747835061));
#3741=CARTESIAN_POINT('Ctrl Pts',(353.971367180553,50.0000000000001,37.5332728159893));
#3742=CARTESIAN_POINT('Ctrl Pts',(353.975321641615,50.,37.6183182794649));
#3743=CARTESIAN_POINT('Ctrl Pts',(353.979996017781,50.,37.7041179807455));
#3744=CARTESIAN_POINT('Ctrl Pts',(353.985444118902,50.,37.7907182201662));
#3745=CARTESIAN_POINT('Ctrl Pts',(353.98980050135,50.,37.859965055832));
#3746=CARTESIAN_POINT('Ctrl Pts',(353.994651127212,50.,37.9297232398321));
#3747=CARTESIAN_POINT('Ctrl Pts',(354.000005275011,50.,38.0000005662441));
#3748=CARTESIAN_POINT('',(347.000005170703,56.,21.0000003129244));
#3749=CARTESIAN_POINT('',(347.000005170703,50.,21.0000003129244));
#3750=CARTESIAN_POINT('',(354.000005275011,56.,38.0000005662441));
#3751=CARTESIAN_POINT('Ctrl Pts',(354.000005275011,56.,38.0000005662441));
#3752=CARTESIAN_POINT('Ctrl Pts',(353.993417464715,56.,37.9135304664517));
#3753=CARTESIAN_POINT('Ctrl Pts',(353.987593076256,56.,37.8278472630444));
#3754=CARTESIAN_POINT('Ctrl Pts',(353.982511076139,56.,37.74293326274));
#3755=CARTESIAN_POINT('Ctrl Pts',(353.977161006808,56.,37.6535401540507));
#3756=CARTESIAN_POINT('Ctrl Pts',(353.972633364508,56.0000000000001,37.5649994742099));
#3757=CARTESIAN_POINT('Ctrl Pts',(353.968860642113,56.0000000000001,37.4772526635388));
#3758=CARTESIAN_POINT('Ctrl Pts',(353.964642391562,56.0000000000001,37.379143660598));
#3759=CARTESIAN_POINT('Ctrl Pts',(353.961367602225,56.0000000000001,37.2820273376411));
#3760=CARTESIAN_POINT('Ctrl Pts',(353.958893936656,56.0000000000001,37.1857735677778));
#3761=CARTESIAN_POINT('Ctrl Pts',(353.956115859773,56.0000000000002,37.0776747300443));
#3762=CARTESIAN_POINT('Ctrl Pts',(353.954347051911,56.0000000000002,36.970663814854));
#3763=CARTESIAN_POINT('Ctrl Pts',(353.953339881383,56.0000000000002,36.8644961448461));
#3764=CARTESIAN_POINT('Ctrl Pts',(353.9521975462,56.0000000000003,36.7440805237907));
#3765=CARTESIAN_POINT('Ctrl Pts',(353.952031773937,56.0000000000003,36.624748926507));
#3766=CARTESIAN_POINT('Ctrl Pts',(353.952460526451,56.0000000000003,36.5060759250809));
#3767=CARTESIAN_POINT('Ctrl Pts',(353.952836675084,56.0000000000003,36.4019629790463));
#3768=CARTESIAN_POINT('Ctrl Pts',(353.953668210793,56.0000000000003,36.2983547794954));
#3769=CARTESIAN_POINT('Ctrl Pts',(353.954721607314,56.0000000000003,36.1949400943715));
#3770=CARTESIAN_POINT('Ctrl Pts',(353.955648879142,56.0000000000003,36.1039073995122));
#3771=CARTESIAN_POINT('Ctrl Pts',(353.956747418812,56.0000000000003,36.0130238054084));
#3772=CARTESIAN_POINT('Ctrl Pts',(353.957894562542,56.0000000000003,35.9220751455378));
#3773=CARTESIAN_POINT('Ctrl Pts',(353.958953619681,56.0000000000003,35.8381102290167));
#3774=CARTESIAN_POINT('Ctrl Pts',(353.96005372317,56.0000000000003,35.7540894688035));
#3775=CARTESIAN_POINT('Ctrl Pts',(353.961138476934,56.0000000000002,35.6698503368234));
#3776=CARTESIAN_POINT('Ctrl Pts',(353.962162743657,56.0000000000002,35.5903084697454));
#3777=CARTESIAN_POINT('Ctrl Pts',(353.963173057445,56.0000000000002,35.5105716616372));
#3778=CARTESIAN_POINT('Ctrl Pts',(353.964163720294,56.0000000000002,35.4305129406575));
#3779=CARTESIAN_POINT('Ctrl Pts',(353.965138329965,56.0000000000002,35.3517515298035));
#3780=CARTESIAN_POINT('Ctrl Pts',(353.966093458434,56.0000000000002,35.2726782923482));
#3781=CARTESIAN_POINT('Ctrl Pts',(353.967070945284,56.0000000000002,35.1931858642732));
#3782=CARTESIAN_POINT('Ctrl Pts',(353.968033158902,56.0000000000001,35.1149355053869));
#3783=CARTESIAN_POINT('Ctrl Pts',(353.969016551439,56.0000000000001,35.0362786423052));
#3784=CARTESIAN_POINT('Ctrl Pts',(353.970114180154,56.0000000000001,34.9571303023819));
#3785=CARTESIAN_POINT('Ctrl Pts',(353.971129473658,56.0000000000001,34.8839190295884));
#3786=CARTESIAN_POINT('Ctrl Pts',(353.972242672969,56.0000000000001,34.8102872089509));
#3787=CARTESIAN_POINT('Ctrl Pts',(353.973574512057,56.0000000000001,34.7361847324919));
#3788=CARTESIAN_POINT('Ctrl Pts',(353.97486450471,56.,34.6644105587176));
#3789=CARTESIAN_POINT('Ctrl Pts',(353.97635948893,56.,34.5921947230926));
#3790=CARTESIAN_POINT('Ctrl Pts',(353.978215342133,56.,34.5195096963482));
#3791=CARTESIAN_POINT('Ctrl Pts',(353.980056569084,56.,34.4473975110265));
#3792=CARTESIAN_POINT('Ctrl Pts',(353.982252823879,56.,34.3748233500742));
#3793=CARTESIAN_POINT('Ctrl Pts',(353.985005405184,56.,34.301780497195));
#3794=CARTESIAN_POINT('Ctrl Pts',(353.988599312475,56.,34.2064121093488));
#3795=CARTESIAN_POINT('Ctrl Pts',(353.993144559228,56.,34.1102437598543));
#3796=CARTESIAN_POINT('Ctrl Pts',(353.999169143397,56.,34.0133082564085));
#3797=CARTESIAN_POINT('Ctrl Pts',(354.003965269263,56.,33.9361386356744));
#3798=CARTESIAN_POINT('Ctrl Pts',(354.009702692118,56.,33.8584841690136));
#3799=CARTESIAN_POINT('Ctrl Pts',(354.016633836816,56.,33.7803776962131));
#3800=CARTESIAN_POINT('Ctrl Pts',(354.022791496095,56.,33.7109875640082));
#3801=CARTESIAN_POINT('Ctrl Pts',(354.029892497395,56.,33.6412410839531));
#3802=CARTESIAN_POINT('Ctrl Pts',(354.038074286143,56.,33.5711661304972));
#3803=CARTESIAN_POINT('Ctrl Pts',(354.045568802704,56.,33.5069774896869));
#3804=CARTESIAN_POINT('Ctrl Pts',(354.053970666493,56.,33.4425134327798));
#3805=CARTESIAN_POINT('Ctrl Pts',(354.063339466615,56.,33.377795936539));
#3806=CARTESIAN_POINT('Ctrl Pts',(354.072912788614,56.,33.3116656506481));
#3807=CARTESIAN_POINT('Ctrl Pts',(354.083495595203,56.,33.245270754839));
#3808=CARTESIAN_POINT('Ctrl Pts',(354.095095891836,56.,33.17863364577));
#3809=CARTESIAN_POINT('Ctrl Pts',(354.107226956473,56.,33.1089475762708));
#3810=CARTESIAN_POINT('Ctrl Pts',(354.120470492067,56.,33.038996613581));
#3811=CARTESIAN_POINT('Ctrl Pts',(354.134779093979,55.9999999999999,32.9688052639831));
#3812=CARTESIAN_POINT('Ctrl Pts',(354.150510127661,55.9999999999999,32.8916361253411));
#3813=CARTESIAN_POINT('Ctrl Pts',(354.167528494031,55.9999999999999,32.8141764241184));
#3814=CARTESIAN_POINT('Ctrl Pts',(354.185705803426,55.9999999999999,32.7364575135626));
#3815=CARTESIAN_POINT('Ctrl Pts',(354.205650790867,55.9999999999999,32.651180718118));
#3816=CARTESIAN_POINT('Ctrl Pts',(354.226990534279,55.9999999999999,32.565591826657));
#3817=CARTESIAN_POINT('Ctrl Pts',(354.24948454679,55.9999999999998,32.47973107606));
#3818=CARTESIAN_POINT('Ctrl Pts',(354.273959245439,55.9999999999998,32.3863099491828));
#3819=CARTESIAN_POINT('Ctrl Pts',(354.299799499983,55.9999999999998,32.2925669838076));
#3820=CARTESIAN_POINT('Ctrl Pts',(354.326629912766,55.9999999999998,32.1985530101691));
#3821=CARTESIAN_POINT('Ctrl Pts',(354.355730145175,55.9999999999997,32.0965855710296));
#3822=CARTESIAN_POINT('Ctrl Pts',(354.38599468495,55.9999999999997,31.9942994617407));
#3823=CARTESIAN_POINT('Ctrl Pts',(354.416879940033,55.9999999999997,31.8917571658434));
#3824=CARTESIAN_POINT('Ctrl Pts',(354.452283149275,55.9999999999997,31.7742147868667));
#3825=CARTESIAN_POINT('Ctrl Pts',(354.488501094187,55.9999999999997,31.6563361174475));
#3826=CARTESIAN_POINT('Ctrl Pts',(354.524642836918,55.9999999999996,31.5382084720031));
#3827=CARTESIAN_POINT('Ctrl Pts',(354.567457995526,55.9999999999996,31.3982690697041));
#3828=CARTESIAN_POINT('Ctrl Pts',(354.610161045741,55.9999999999996,31.2579811356756));
#3829=CARTESIAN_POINT('Ctrl Pts',(354.651216860303,55.9999999999996,31.1174705624232));
#3830=CARTESIAN_POINT('Ctrl Pts',(354.68051495635,55.9999999999996,31.0171999353588));
#3831=CARTESIAN_POINT('Ctrl Pts',(354.708971833482,55.9999999999996,30.9168154976302));
#3832=CARTESIAN_POINT('Ctrl Pts',(354.736056719094,55.9999999999996,30.8163548628311));
#3833=CARTESIAN_POINT('Ctrl Pts',(354.759835281203,55.9999999999996,30.7281577229879));
#3834=CARTESIAN_POINT('Ctrl Pts',(354.782555738531,55.9999999999996,30.6399017797327));
#3835=CARTESIAN_POINT('Ctrl Pts',(354.803898274137,55.9999999999996,30.5516075112069));
#3836=CARTESIAN_POINT('Ctrl Pts',(354.823795961531,55.9999999999996,30.4692905931858));
#3837=CARTESIAN_POINT('Ctrl Pts',(354.84249552718,55.9999999999997,30.3869403403591));
#3838=CARTESIAN_POINT('Ctrl Pts',(354.859781730302,55.9999999999997,30.3045693033334));
#3839=CARTESIAN_POINT('Ctrl Pts',(354.876428152657,55.9999999999997,30.2252469060146));
#3840=CARTESIAN_POINT('Ctrl Pts',(354.891763682491,55.9999999999997,30.1459052172196));
#3841=CARTESIAN_POINT('Ctrl Pts',(354.90564326996,55.9999999999997,30.0665518107151));
#3842=CARTESIAN_POINT('Ctrl Pts',(354.91910755734,55.9999999999998,29.9895727886732));
#3843=CARTESIAN_POINT('Ctrl Pts',(354.931201562492,55.9999999999998,29.9125827264041));
#3844=CARTESIAN_POINT('Ctrl Pts',(354.941840762585,55.9999999999998,29.8355852727628));
#3845=CARTESIAN_POINT('Ctrl Pts',(354.952203561945,55.9999999999998,29.7605881718155));
#3846=CARTESIAN_POINT('Ctrl Pts',(354.96118602156,55.9999999999999,29.6855840483898));
#3847=CARTESIAN_POINT('Ctrl Pts',(354.968758431564,55.9999999999999,29.6105732952154));
#3848=CARTESIAN_POINT('Ctrl Pts',(354.97620698911,55.9999999999999,29.5367893992946));
#3849=CARTESIAN_POINT('Ctrl Pts',(354.982291058334,55.9999999999999,29.462999083706));
#3850=CARTESIAN_POINT('Ctrl Pts',(354.987032331773,55.9999999999999,29.3891999051411));
#3851=CARTESIAN_POINT('Ctrl Pts',(354.992154024821,56.,29.3094793944541));
#3852=CARTESIAN_POINT('Ctrl Pts',(354.995708577297,56.,29.2297484998508));
#3853=CARTESIAN_POINT('Ctrl Pts',(354.99779016721,56.,29.1500008078388));
#3854=CARTESIAN_POINT('Ctrl Pts',(355.000417561143,56.,29.049342844021));
#3855=CARTESIAN_POINT('Ctrl Pts',(355.000700320272,56.,28.9486576326715));
#3856=CARTESIAN_POINT('Ctrl Pts',(354.998920456825,56.,28.8479311882414));
#3857=CARTESIAN_POINT('Ctrl Pts',(354.997218401351,56.,28.7516080706164));
#3858=CARTESIAN_POINT('Ctrl Pts',(354.993636367736,55.9999999999999,28.6552466806499));
#3859=CARTESIAN_POINT('Ctrl Pts',(354.988422998672,55.9999999999999,28.5588423907095));
#3860=CARTESIAN_POINT('Ctrl Pts',(354.98430838713,55.9999999999998,28.4827560444067));
#3861=CARTESIAN_POINT('Ctrl Pts',(354.97917862201,55.9999999999998,28.4066430238104));
#3862=CARTESIAN_POINT('Ctrl Pts',(354.973120289404,55.9999999999997,28.33050797611));
#3863=CARTESIAN_POINT('Ctrl Pts',(354.967075182145,55.9999999999997,28.2545391312935));
#3864=CARTESIAN_POINT('Ctrl Pts',(354.960106017008,55.9999999999996,28.1785483153301));
#3865=CARTESIAN_POINT('Ctrl Pts',(354.952244797847,55.9999999999995,28.1025484644037));
#3866=CARTESIAN_POINT('Ctrl Pts',(354.943906382404,55.9999999999994,28.0219352264884));
#3867=CARTESIAN_POINT('Ctrl Pts',(354.934563982524,55.9999999999993,27.9413118365806));
#3868=CARTESIAN_POINT('Ctrl Pts',(354.924196633431,55.9999999999991,27.860703080798));
#3869=CARTESIAN_POINT('Ctrl Pts',(354.912935151377,55.999999999999,27.7731422155809));
#3870=CARTESIAN_POINT('Ctrl Pts',(354.900463788797,55.9999999999989,27.6855986267049));
#3871=CARTESIAN_POINT('Ctrl Pts',(354.886694285868,55.9999999999987,27.5981146906022));
#3872=CARTESIAN_POINT('Ctrl Pts',(354.870717715159,55.9999999999986,27.4966082456591));
#3873=CARTESIAN_POINT('Ctrl Pts',(354.852992552138,55.9999999999984,27.3951820672003));
#3874=CARTESIAN_POINT('Ctrl Pts',(354.833311890717,55.9999999999982,27.2939166119236));
#3875=CARTESIAN_POINT('Ctrl Pts',(354.808778612803,55.999999999998,27.1676823607402));
#3876=CARTESIAN_POINT('Ctrl Pts',(354.78120531323,55.9999999999978,27.0416975339785));
#3877=CARTESIAN_POINT('Ctrl Pts',(354.750118742142,55.9999999999975,26.9161411915116));
#3878=CARTESIAN_POINT('Ctrl Pts',(354.712917088335,55.9999999999973,26.7658864859524));
#3879=CARTESIAN_POINT('Ctrl Pts',(354.670682198734,55.9999999999971,26.6162448818864));
#3880=CARTESIAN_POINT('Ctrl Pts',(354.622530236886,55.9999999999969,26.4675617343525));
#3881=CARTESIAN_POINT('Ctrl Pts',(354.575984653181,55.9999999999968,26.3238387452243));
#3882=CARTESIAN_POINT('Ctrl Pts',(354.523905344574,55.9999999999967,26.1810121309912));
#3883=CARTESIAN_POINT('Ctrl Pts',(354.465486858621,55.9999999999967,26.0394225526288));
#3884=CARTESIAN_POINT('Ctrl Pts',(354.423117413112,55.9999999999967,25.9367312242403));
#3885=CARTESIAN_POINT('Ctrl Pts',(354.377412022475,55.9999999999967,25.8346913218742));
#3886=CARTESIAN_POINT('Ctrl Pts',(354.328093291987,55.9999999999968,25.7334382373904));
#3887=CARTESIAN_POINT('Ctrl Pts',(354.283961802788,55.9999999999968,25.6428347413117));
#3888=CARTESIAN_POINT('Ctrl Pts',(354.236936485737,55.9999999999969,25.5528614225255));
#3889=CARTESIAN_POINT('Ctrl Pts',(354.186857609148,55.999999999997,25.4636158881417));
#3890=CARTESIAN_POINT('Ctrl Pts',(354.140104095695,55.9999999999971,25.3802964813055));
#3891=CARTESIAN_POINT('Ctrl Pts',(354.090688687001,55.9999999999973,25.2976115042106));
#3892=CARTESIAN_POINT('Ctrl Pts',(354.038524199619,55.9999999999974,25.215639260764));
#3893=CARTESIAN_POINT('Ctrl Pts',(353.988818997409,55.9999999999976,25.1375315836724));
#3894=CARTESIAN_POINT('Ctrl Pts',(353.936617539312,55.9999999999978,25.0600710807779));
#3895=CARTESIAN_POINT('Ctrl Pts',(353.881889491621,55.9999999999979,24.9833234038352));
#3896=CARTESIAN_POINT('Ctrl Pts',(353.829223746875,55.9999999999981,24.909467789861));
#3897=CARTESIAN_POINT('Ctrl Pts',(353.774218026435,55.9999999999983,24.8362723361261));
#3898=CARTESIAN_POINT('Ctrl Pts',(353.716891605356,55.9999999999985,24.76379282534));
#3899=CARTESIAN_POINT('Ctrl Pts',(353.661377412293,55.9999999999987,24.6936045687007));
#3900=CARTESIAN_POINT('Ctrl Pts',(353.603686744899,55.9999999999989,24.6240877403653));
#3901=CARTESIAN_POINT('Ctrl Pts',(353.543884270899,55.9999999999991,24.5552898206797));
#3902=CARTESIAN_POINT('Ctrl Pts',(353.484992038042,55.9999999999992,24.4875390599636));
#3903=CARTESIAN_POINT('Ctrl Pts',(353.424051530031,55.9999999999994,24.4204855277192));
#3904=CARTESIAN_POINT('Ctrl Pts',(353.361174438962,55.9999999999996,24.354170890152));
#3905=CARTESIAN_POINT('Ctrl Pts',(353.293889759692,55.9999999999997,24.2832076976169));
#3906=CARTESIAN_POINT('Ctrl Pts',(353.224387391503,55.9999999999998,24.2130906924796));
#3907=CARTESIAN_POINT('Ctrl Pts',(353.152869254232,55.9999999999999,24.1438656149894));
#3908=CARTESIAN_POINT('Ctrl Pts',(353.067709114655,56.,24.0614359337065));
#3909=CARTESIAN_POINT('Ctrl Pts',(352.979691894225,56.,23.9802711059315));
#3910=CARTESIAN_POINT('Ctrl Pts',(352.889241009309,56.,23.9004386810034));
#3911=CARTESIAN_POINT('Ctrl Pts',(352.781115457924,55.9999999999999,23.8050065028469));
#3912=CARTESIAN_POINT('Ctrl Pts',(352.669518739286,55.9999999999996,23.711478676597));
#3913=CARTESIAN_POINT('Ctrl Pts',(352.555223791492,55.9999999999992,23.6199528301002));
#3914=CARTESIAN_POINT('Ctrl Pts',(352.465585461312,55.9999999999988,23.5481716691066));
#3915=CARTESIAN_POINT('Ctrl Pts',(352.374290113125,55.9999999999983,23.4776214810831));
#3916=CARTESIAN_POINT('Ctrl Pts',(352.28167641668,55.9999999999977,23.4083419964692));
#3917=CARTESIAN_POINT('Ctrl Pts',(352.186261936654,55.9999999999971,23.3369673914745));
#3918=CARTESIAN_POINT('Ctrl Pts',(352.089447921063,55.9999999999963,23.2669415021048));
#3919=CARTESIAN_POINT('Ctrl Pts',(351.991548437854,55.9999999999953,23.198301346622));
#3920=CARTESIAN_POINT('Ctrl Pts',(351.883884565513,55.9999999999943,23.1228150958771));
#3921=CARTESIAN_POINT('Ctrl Pts',(351.774907844022,55.9999999999931,23.0490048589965));
#3922=CARTESIAN_POINT('Ctrl Pts',(351.66497117552,55.9999999999918,22.9769115869207));
#3923=CARTESIAN_POINT('Ctrl Pts',(351.546164737402,55.9999999999903,22.899001777717));
#3924=CARTESIAN_POINT('Ctrl Pts',(351.426236457724,55.9999999999887,22.8230972074336));
#3925=CARTESIAN_POINT('Ctrl Pts',(351.305565965896,55.999999999987,22.7492393732154));
#3926=CARTESIAN_POINT('Ctrl Pts',(351.18309142882,55.9999999999852,22.6742773512798));
#3927=CARTESIAN_POINT('Ctrl Pts',(351.059851959985,55.9999999999833,22.6014236639119));
#3928=CARTESIAN_POINT('Ctrl Pts',(350.93619264487,55.9999999999813,22.5307118836742));
#3929=CARTESIAN_POINT('Ctrl Pts',(350.813732261748,55.9999999999794,22.4606856855587));
#3930=CARTESIAN_POINT('Ctrl Pts',(350.690860208246,55.9999999999774,22.3927599751943));
#3931=CARTESIAN_POINT('Ctrl Pts',(350.567861408696,55.9999999999754,22.3269589240322));
#3932=CARTESIAN_POINT('Ctrl Pts',(350.445846164176,55.9999999999734,22.26168404837));
#3933=CARTESIAN_POINT('Ctrl Pts',(350.323706273681,55.9999999999714,22.1984999083132));
#3934=CARTESIAN_POINT('Ctrl Pts',(350.20166904451,55.9999999999695,22.1374229962275));
#3935=CARTESIAN_POINT('Ctrl Pts',(350.076513934001,55.9999999999676,22.0747856540529));
#3936=CARTESIAN_POINT('Ctrl Pts',(349.951466681879,55.9999999999657,22.0143645390942));
#3937=CARTESIAN_POINT('Ctrl Pts',(349.826717297341,55.9999999999641,21.9561708675921));
#3938=CARTESIAN_POINT('Ctrl Pts',(349.691969201317,55.9999999999623,21.8933129507808));
#3939=CARTESIAN_POINT('Ctrl Pts',(349.557568558146,55.9999999999607,21.8330538300045));
#3940=CARTESIAN_POINT('Ctrl Pts',(349.423692915862,55.9999999999594,21.7754005222184));
#3941=CARTESIAN_POINT('Ctrl Pts',(349.281620410769,55.9999999999581,21.7142172500094));
#3942=CARTESIAN_POINT('Ctrl Pts',(349.140138602551,55.9999999999571,21.655968574876));
#3943=CARTESIAN_POINT('Ctrl Pts',(348.999397834384,55.9999999999567,21.6006559549344));
#3944=CARTESIAN_POINT('Ctrl Pts',(348.85245283267,55.9999999999563,21.5429050051701));
#3945=CARTESIAN_POINT('Ctrl Pts',(348.706315302614,55.9999999999564,21.4883545463451));
#3946=CARTESIAN_POINT('Ctrl Pts',(348.561099562155,55.9999999999572,21.437000594889));
#3947=CARTESIAN_POINT('Ctrl Pts',(348.404459176612,55.9999999999581,21.3816064431962));
#3948=CARTESIAN_POINT('Ctrl Pts',(348.248891238367,55.9999999999598,21.3299313646029));
#3949=CARTESIAN_POINT('Ctrl Pts',(348.094477012201,55.9999999999625,21.2819663321916));
#3950=CARTESIAN_POINT('Ctrl Pts',(347.925279568141,55.9999999999654,21.2294092518647));
#3951=CARTESIAN_POINT('Ctrl Pts',(347.757466569692,55.9999999999695,21.1813062594128));
#3952=CARTESIAN_POINT('Ctrl Pts',(347.591077485487,55.9999999999749,21.1376450410633));
#3953=CARTESIAN_POINT('Ctrl Pts',(347.392016559942,55.9999999999814,21.0854105896475));
#3954=CARTESIAN_POINT('Ctrl Pts',(347.194990274302,55.9999999999897,21.0395324915257));
#3955=CARTESIAN_POINT('Ctrl Pts',(347.000005170703,56.,21.0000003129244));
#3956=CARTESIAN_POINT('',(354.000005275011,50.,38.0000005662441));
#3957=CARTESIAN_POINT('Origin',(354.000005275011,50.,380.000005662441));
#3958=CARTESIAN_POINT('',(354.000005275011,50.,380.000005662441));
#3959=CARTESIAN_POINT('',(354.000005275011,50.,38.0000005662441));
#3960=CARTESIAN_POINT('',(354.000005275011,56.,380.000005662441));
#3961=CARTESIAN_POINT('',(354.000005275011,56.,38.0000005662441));
#3962=CARTESIAN_POINT('',(354.000005275011,50.,380.000005662441));
#3963=CARTESIAN_POINT('Ctrl Pts',(337.000005021691,50.,384.526107749186));
#3964=CARTESIAN_POINT('Ctrl Pts',(337.000005021691,56.,384.526107749186));
#3965=CARTESIAN_POINT('Ctrl Pts',(337.175640511198,50.0000000000071,384.540786604837));
#3966=CARTESIAN_POINT('Ctrl Pts',(337.175640511198,56.0000000000071,384.540786604837));
#3967=CARTESIAN_POINT('Ctrl Pts',(337.515053776764,50.0000000000191,384.566070170212));
#3968=CARTESIAN_POINT('Ctrl Pts',(337.515053776764,56.0000000000191,384.566070170212));
#3969=CARTESIAN_POINT('Ctrl Pts',(337.98860270627,50.000000000031,384.59177416385));
#3970=CARTESIAN_POINT('Ctrl Pts',(337.98860270627,56.000000000031,384.59177416385));
#3971=CARTESIAN_POINT('Ctrl Pts',(338.548549909143,50.0000000000344,384.601494170515));
#3972=CARTESIAN_POINT('Ctrl Pts',(338.548549909143,56.0000000000344,384.601494170515));
#3973=CARTESIAN_POINT('Ctrl Pts',(339.135713046225,50.0000000000213,384.575789423788));
#3974=CARTESIAN_POINT('Ctrl Pts',(339.135713046225,56.0000000000213,384.575789423788));
#3975=CARTESIAN_POINT('Ctrl Pts',(339.631793530329,49.9999999999978,384.522324434645));
#3976=CARTESIAN_POINT('Ctrl Pts',(339.631793530329,55.9999999999978,384.522324434645));
#3977=CARTESIAN_POINT('Ctrl Pts',(340.08342381213,49.9999999999743,384.462538452771));
#3978=CARTESIAN_POINT('Ctrl Pts',(340.08342381213,55.9999999999743,384.462538452771));
#3979=CARTESIAN_POINT('Ctrl Pts',(340.569344611492,49.9999999999644,384.432279935997));
#3980=CARTESIAN_POINT('Ctrl Pts',(340.569344611492,55.9999999999644,384.432279935997));
#3981=CARTESIAN_POINT('Ctrl Pts',(341.174163388986,49.9999999999796,384.467409381722));
#3982=CARTESIAN_POINT('Ctrl Pts',(341.174163388986,55.9999999999796,384.467409381722));
#3983=CARTESIAN_POINT('Ctrl Pts',(341.967307295575,50.0000000000244,384.592232055737));
#3984=CARTESIAN_POINT('Ctrl Pts',(341.967307295575,56.0000000000244,384.592232055737));
#3985=CARTESIAN_POINT('Ctrl Pts',(342.974272679364,50.0000000000897,384.803439556896));
#3986=CARTESIAN_POINT('Ctrl Pts',(342.974272679364,56.0000000000897,384.803439556896));
#3987=CARTESIAN_POINT('Ctrl Pts',(344.175964257963,50.0000000001559,385.07053727542));
#3988=CARTESIAN_POINT('Ctrl Pts',(344.175964257963,56.0000000001558,385.07053727542));
#3989=CARTESIAN_POINT('Ctrl Pts',(345.523856181237,50.0000000001982,385.345613911734));
#3990=CARTESIAN_POINT('Ctrl Pts',(345.523856181237,56.0000000001982,385.345613911734));
#3991=CARTESIAN_POINT('Ctrl Pts',(346.949569451281,50.0000000001934,385.569855293869));
#3992=CARTESIAN_POINT('Ctrl Pts',(346.949569451281,56.0000000001934,385.569855293869));
#3993=CARTESIAN_POINT('Ctrl Pts',(348.37630708383,50.0000000001255,385.68124876048));
#3994=CARTESIAN_POINT('Ctrl Pts',(348.37630708383,56.0000000001255,385.68124876048));
#3995=CARTESIAN_POINT('Ctrl Pts',(349.728919142987,49.999999999992,385.621518656601));
#3996=CARTESIAN_POINT('Ctrl Pts',(349.728919142987,55.999999999992,385.621518656601));
#3997=CARTESIAN_POINT('Ctrl Pts',(350.945122866468,49.9999999998105,385.344003357798));
#3998=CARTESIAN_POINT('Ctrl Pts',(350.945122866468,55.9999999998104,385.344003357798));
#3999=CARTESIAN_POINT('Ctrl Pts',(351.984641666335,49.9999999996234,384.820061906436));
#4000=CARTESIAN_POINT('Ctrl Pts',(351.984641666335,55.9999999996234,384.820061906436));
#4001=CARTESIAN_POINT('Ctrl Pts',(352.823406057939,49.9999999994869,384.03401199535));
#4002=CARTESIAN_POINT('Ctrl Pts',(352.823406057939,55.9999999994869,384.03401199535));
#4003=CARTESIAN_POINT('Ctrl Pts',(353.449611343094,49.9999999994611,382.979600773192));
#4004=CARTESIAN_POINT('Ctrl Pts',(353.449611343094,55.9999999994611,382.979600773192));
#4005=CARTESIAN_POINT('Ctrl Pts',(353.777519294499,49.9999999995732,381.920992426864));
#4006=CARTESIAN_POINT('Ctrl Pts',(353.777519294499,55.9999999995732,381.920992426864));
#4007=CARTESIAN_POINT('Ctrl Pts',(353.926364640374,49.9999999997493,381.006992900556));
#4008=CARTESIAN_POINT('Ctrl Pts',(353.926364640374,55.9999999997493,381.006992900556));
#4009=CARTESIAN_POINT('Ctrl Pts',(353.982620738952,49.9999999999094,380.344524044376));
#4010=CARTESIAN_POINT('Ctrl Pts',(353.982620738952,55.9999999999094,380.344524044376));
#4011=CARTESIAN_POINT('Ctrl Pts',(354.000005275011,50.,380.000005662441));
#4012=CARTESIAN_POINT('Ctrl Pts',(354.000005275011,56.,380.000005662441));
#4013=CARTESIAN_POINT('',(337.000005021691,50.,384.526107749186));
#4014=CARTESIAN_POINT('Ctrl Pts',(354.000005275011,50.,380.000005662441));
#4015=CARTESIAN_POINT('Ctrl Pts',(353.983204082535,49.9999999999125,380.332963621565));
#4016=CARTESIAN_POINT('Ctrl Pts',(353.954364257565,49.9999999998368,380.651036768675));
#4017=CARTESIAN_POINT('Ctrl Pts',(353.913466556572,49.9999999997729,380.954199041693));
#4018=CARTESIAN_POINT('Ctrl Pts',(353.865188136037,49.9999999996974,381.31207235368));
#4019=CARTESIAN_POINT('Ctrl Pts',(353.800103072819,49.9999999996384,381.649164951161));
#4020=CARTESIAN_POINT('Ctrl Pts',(353.718160528543,49.9999999995944,381.965381771128));
#4021=CARTESIAN_POINT('Ctrl Pts',(353.648072296751,49.9999999995568,382.235852720867));
#4022=CARTESIAN_POINT('Ctrl Pts',(353.565648670695,49.9999999995303,382.491048259449));
#4023=CARTESIAN_POINT('Ctrl Pts',(353.470891550111,49.9999999995135,382.730914342118));
#4024=CARTESIAN_POINT('Ctrl Pts',(353.392519825095,49.9999999994996,382.92930279626));
#4025=CARTESIAN_POINT('Ctrl Pts',(353.30571109282,49.9999999994924,383.117204457963));
#4026=CARTESIAN_POINT('Ctrl Pts',(353.210503763984,49.9999999994909,383.294609291024));
#4027=CARTESIAN_POINT('Ctrl Pts',(353.123073620247,49.9999999994895,383.457522485249));
#4028=CARTESIAN_POINT('Ctrl Pts',(353.028560689938,49.9999999994929,383.61158337508));
#4029=CARTESIAN_POINT('Ctrl Pts',(352.927032367605,49.9999999995004,383.75680871248));
#4030=CARTESIAN_POINT('Ctrl Pts',(352.831452567219,49.9999999995075,383.893525329485));
#4031=CARTESIAN_POINT('Ctrl Pts',(352.729655163098,49.9999999995181,384.022411182727));
#4032=CARTESIAN_POINT('Ctrl Pts',(352.621734369766,49.9999999995317,384.143506831585));
#4033=CARTESIAN_POINT('Ctrl Pts',(352.519119642136,49.9999999995445,384.258648655889));
#4034=CARTESIAN_POINT('Ctrl Pts',(352.410968677621,49.99999999956,384.366747279338));
#4035=CARTESIAN_POINT('Ctrl Pts',(352.297400471622,49.9999999995774,384.467865335149));
#4036=CARTESIAN_POINT('Ctrl Pts',(352.188326856011,49.9999999995942,384.564981529368));
#4037=CARTESIAN_POINT('Ctrl Pts',(352.074256156747,49.9999999996127,384.655658594639));
#4038=CARTESIAN_POINT('Ctrl Pts',(351.955332079327,49.9999999996326,384.739980830696));
#4039=CARTESIAN_POINT('Ctrl Pts',(351.840209749349,49.9999999996518,384.821607465894));
#4040=CARTESIAN_POINT('Ctrl Pts',(351.720539265275,49.9999999996722,384.897278948929));
#4041=CARTESIAN_POINT('Ctrl Pts',(351.596489575667,49.9999999996934,384.967101395452));
#4042=CARTESIAN_POINT('Ctrl Pts',(351.475779703039,49.9999999997139,385.035043996947));
#4043=CARTESIAN_POINT('Ctrl Pts',(351.350923157275,49.9999999997352,385.097448164019));
#4044=CARTESIAN_POINT('Ctrl Pts',(351.222114321259,49.9999999997567,385.154441924262));
#4045=CARTESIAN_POINT('Ctrl Pts',(351.096441325801,49.9999999997776,385.210048176082));
#4046=CARTESIAN_POINT('Ctrl Pts',(350.967006051412,49.9999999997988,385.260504155752));
#4047=CARTESIAN_POINT('Ctrl Pts',(350.834027716122,49.9999999998199,385.30595941496));
#4048=CARTESIAN_POINT('Ctrl Pts',(350.704784725951,49.9999999998404,385.350137841516));
#4049=CARTESIAN_POINT('Ctrl Pts',(350.57219482951,49.9999999998607,385.389592440866));
#4050=CARTESIAN_POINT('Ctrl Pts',(350.436497417292,49.9999999998807,385.424491059898));
#4051=CARTESIAN_POINT('Ctrl Pts',(350.304366234125,49.9999999999001,385.458472517232));
#4052=CARTESIAN_POINT('Ctrl Pts',(350.169288623893,49.9999999999191,385.488134217746));
#4053=CARTESIAN_POINT('Ctrl Pts',(350.031523823973,49.9999999999374,385.513662036051));
#4054=CARTESIAN_POINT('Ctrl Pts',(349.896428242456,49.9999999999554,385.538695248169));
#4055=CARTESIAN_POINT('Ctrl Pts',(349.758748476351,49.9999999999728,385.559753107146));
#4056=CARTESIAN_POINT('Ctrl Pts',(349.618767884512,49.9999999999893,385.577042586214));
#4057=CARTESIAN_POINT('Ctrl Pts',(349.475700177298,50.0000000000063,385.594713365404));
#4058=CARTESIAN_POINT('Ctrl Pts',(349.330229106156,50.0000000000223,385.608447731588));
#4059=CARTESIAN_POINT('Ctrl Pts',(349.182700060962,50.0000000000374,385.618501931846));
#4060=CARTESIAN_POINT('Ctrl Pts',(349.029333123585,50.0000000000531,385.628953988248));
#4061=CARTESIAN_POINT('Ctrl Pts',(348.87374232059,50.0000000000677,385.635428963391));
#4062=CARTESIAN_POINT('Ctrl Pts',(348.716358979411,50.0000000000811,385.638251200864));
#4063=CARTESIAN_POINT('Ctrl Pts',(348.551157759921,50.0000000000951,385.641213630489));
#4064=CARTESIAN_POINT('Ctrl Pts',(348.383981754331,50.0000000001079,385.640151540768));
#4065=CARTESIAN_POINT('Ctrl Pts',(348.215373076781,50.0000000001192,385.635477760189));
#4066=CARTESIAN_POINT('Ctrl Pts',(348.033180237388,50.0000000001315,385.630427430831));
#4067=CARTESIAN_POINT('Ctrl Pts',(347.849315034314,50.0000000001421,385.621160205341));
#4068=CARTESIAN_POINT('Ctrl Pts',(347.664505755112,50.0000000001511,385.608237923006));
#4069=CARTESIAN_POINT('Ctrl Pts',(347.451064785242,50.0000000001615,385.593313648173));
#4070=CARTESIAN_POINT('Ctrl Pts',(347.236365458009,50.0000000001697,385.573514316585));
#4071=CARTESIAN_POINT('Ctrl Pts',(347.021576535204,50.0000000001758,385.549755342723));
#4072=CARTESIAN_POINT('Ctrl Pts',(346.731028292179,50.000000000184,385.517616217382));
#4073=CARTESIAN_POINT('Ctrl Pts',(346.440321307949,50.0000000001883,385.478232880915));
#4074=CARTESIAN_POINT('Ctrl Pts',(346.152384926811,50.0000000001893,385.433950081246));
#4075=CARTESIAN_POINT('Ctrl Pts',(345.944598260633,50.00000000019,385.401993802307));
#4076=CARTESIAN_POINT('Ctrl Pts',(345.738255941598,50.0000000001889,385.367488374783));
#4077=CARTESIAN_POINT('Ctrl Pts',(345.534431976281,50.0000000001863,385.3313163874));
#4078=CARTESIAN_POINT('Ctrl Pts',(345.355745050017,50.0000000001841,385.29960538996));
#4079=CARTESIAN_POINT('Ctrl Pts',(345.178994107856,50.0000000001807,385.266614125759));
#4080=CARTESIAN_POINT('Ctrl Pts',(345.004868708847,50.0000000001763,385.232924378913));
#4081=CARTESIAN_POINT('Ctrl Pts',(344.844045939041,50.0000000001723,385.201808422063));
#4082=CARTESIAN_POINT('Ctrl Pts',(344.685463213784,50.0000000001675,385.170096959246));
#4083=CARTESIAN_POINT('Ctrl Pts',(344.529626951351,50.000000000162,385.138230629909));
#4084=CARTESIAN_POINT('Ctrl Pts',(344.381963222083,50.0000000001568,385.108035468946));
#4085=CARTESIAN_POINT('Ctrl Pts',(344.236765710435,50.0000000001511,385.077701491074));
#4086=CARTESIAN_POINT('Ctrl Pts',(344.094426475583,50.0000000001449,385.047583101153));
#4087=CARTESIAN_POINT('Ctrl Pts',(343.957417263826,50.000000000139,385.018592521944));
#4088=CARTESIAN_POINT('Ctrl Pts',(343.823056453309,50.0000000001327,384.989801840528));
#4089=CARTESIAN_POINT('Ctrl Pts',(343.691653434121,50.0000000001262,384.961504801092));
#4090=CARTESIAN_POINT('Ctrl Pts',(343.564320209895,50.0000000001198,384.934084173394));
#4091=CARTESIAN_POINT('Ctrl Pts',(343.439764537801,50.0000000001132,384.907127202152));
#4092=CARTESIAN_POINT('Ctrl Pts',(343.31822714134,50.0000000001066,384.880877872412));
#4093=CARTESIAN_POINT('Ctrl Pts',(343.200320750479,50.0000000001001,384.855412757787));
#4094=CARTESIAN_POINT('Ctrl Pts',(343.08525508118,50.0000000000935,384.830613720449));
#4095=CARTESIAN_POINT('Ctrl Pts',(342.97320920045,50.000000000087,384.806679767223));
#4096=CARTESIAN_POINT('Ctrl Pts',(342.864914774251,50.0000000000807,384.783547156595));
#4097=CARTESIAN_POINT('Ctrl Pts',(342.759441438506,50.0000000000744,384.761222770301));
#4098=CARTESIAN_POINT('Ctrl Pts',(342.656910859299,50.0000000000682,384.739862567688));
#4099=CARTESIAN_POINT('Ctrl Pts',(342.557457053767,50.0000000000621,384.719143349546));
#4100=CARTESIAN_POINT('Ctrl Pts',(342.460772183175,50.0000000000562,384.699331417683));
#4101=CARTESIAN_POINT('Ctrl Pts',(342.366926829479,50.0000000000505,384.680544849688));
#4102=CARTESIAN_POINT('Ctrl Pts',(342.275430154557,50.0000000000449,384.662228455354));
#4103=CARTESIAN_POINT('Ctrl Pts',(342.186632776822,50.0000000000394,384.644886835102));
#4104=CARTESIAN_POINT('Ctrl Pts',(342.100559031696,50.0000000000342,384.628604582765));
#4105=CARTESIAN_POINT('Ctrl Pts',(342.015344308509,50.0000000000291,384.612484828435));
#4106=CARTESIAN_POINT('Ctrl Pts',(341.932799290511,50.0000000000242,384.597403514136));
#4107=CARTESIAN_POINT('Ctrl Pts',(341.852904302498,50.0000000000195,384.583416377667));
#4108=CARTESIAN_POINT('Ctrl Pts',(341.772991523954,50.0000000000149,384.569426126627));
#4109=CARTESIAN_POINT('Ctrl Pts',(341.695729948084,50.0000000000105,384.556530551479));
#4110=CARTESIAN_POINT('Ctrl Pts',(341.62105539222,50.0000000000065,384.544758142142));
#4111=CARTESIAN_POINT('Ctrl Pts',(341.546348297943,50.0000000000024,384.53298060314));
#4112=CARTESIAN_POINT('Ctrl Pts',(341.474230469607,49.9999999999987,384.522327218915));
#4113=CARTESIAN_POINT('Ctrl Pts',(341.404593248169,49.9999999999953,384.512799061818));
#4114=CARTESIAN_POINT('Ctrl Pts',(341.334588652631,49.9999999999919,384.503220638527));
#4115=CARTESIAN_POINT('Ctrl Pts',(341.26709093293,49.9999999999888,384.494779378692));
#4116=CARTESIAN_POINT('Ctrl Pts',(341.201944662099,49.9999999999861,384.487448278751));
#4117=CARTESIAN_POINT('Ctrl Pts',(341.13431728417,49.9999999999833,384.47983797259));
#4118=CARTESIAN_POINT('Ctrl Pts',(341.069223777885,49.9999999999808,384.473423970977));
#4119=CARTESIAN_POINT('Ctrl Pts',(341.006440962295,49.9999999999788,384.468144959769));
#4120=CARTESIAN_POINT('Ctrl Pts',(340.939825773046,49.9999999999766,384.462543708419));
#4121=CARTESIAN_POINT('Ctrl Pts',(340.875811651703,49.9999999999749,384.458220099097));
#4122=CARTESIAN_POINT('Ctrl Pts',(340.814081286218,49.9999999999736,384.455068059912));
#4123=CARTESIAN_POINT('Ctrl Pts',(340.746991934514,49.9999999999722,384.451642383362));
#4124=CARTESIAN_POINT('Ctrl Pts',(340.682599564045,49.9999999999712,384.449600321881));
#4125=CARTESIAN_POINT('Ctrl Pts',(340.620444955404,49.9999999999708,384.448770519929));
#4126=CARTESIAN_POINT('Ctrl Pts',(340.550145378952,49.9999999999702,384.447831977688));
#4127=CARTESIAN_POINT('Ctrl Pts',(340.482707638058,49.9999999999703,384.448443958092));
#4128=CARTESIAN_POINT('Ctrl Pts',(340.417414641416,49.9999999999708,384.450319122377));
#4129=CARTESIAN_POINT('Ctrl Pts',(340.331391946685,49.9999999999715,384.452789627533));
#4130=CARTESIAN_POINT('Ctrl Pts',(340.249089756179,49.9999999999731,384.457452653834));
#4131=CARTESIAN_POINT('Ctrl Pts',(340.168801989169,49.9999999999753,384.463585426006));
#4132=CARTESIAN_POINT('Ctrl Pts',(340.101920343887,49.9999999999772,384.468694173057));
#4133=CARTESIAN_POINT('Ctrl Pts',(340.03643296412,49.9999999999795,384.474820251077));
#4134=CARTESIAN_POINT('Ctrl Pts',(339.971364722131,49.9999999999821,384.481534300618));
#4135=CARTESIAN_POINT('Ctrl Pts',(339.917271339789,49.9999999999842,384.487115912134));
#4136=CARTESIAN_POINT('Ctrl Pts',(339.86346678021,49.9999999999866,384.493103128481));
#4137=CARTESIAN_POINT('Ctrl Pts',(339.809422399222,49.999999999989,384.499258183536));
#4138=CARTESIAN_POINT('Ctrl Pts',(339.759952290557,49.9999999999913,384.504892279753));
#4139=CARTESIAN_POINT('Ctrl Pts',(339.710280755413,49.9999999999936,384.510666653686));
#4140=CARTESIAN_POINT('Ctrl Pts',(339.660039863372,49.999999999996,384.516413916036));
#4141=CARTESIAN_POINT('Ctrl Pts',(339.610808580277,49.9999999999983,384.522045685064));
#4142=CARTESIAN_POINT('Ctrl Pts',(339.561030107433,50.0000000000006,384.527651131908));
#4143=CARTESIAN_POINT('Ctrl Pts',(339.51040406702,50.0000000000029,384.533092913508));
#4144=CARTESIAN_POINT('Ctrl Pts',(339.458921134429,50.0000000000053,384.538626802253));
#4145=CARTESIAN_POINT('Ctrl Pts',(339.406561798347,50.0000000000076,384.543991477082));
#4146=CARTESIAN_POINT('Ctrl Pts',(339.353060016989,50.0000000000098,384.5490649279));
#4147=CARTESIAN_POINT('Ctrl Pts',(339.298535220098,50.0000000000121,384.554235388926));
#4148=CARTESIAN_POINT('Ctrl Pts',(339.242823980757,50.0000000000143,384.55910342583));
#4149=CARTESIAN_POINT('Ctrl Pts',(339.185694446457,50.0000000000163,384.563562363395));
#4150=CARTESIAN_POINT('Ctrl Pts',(339.127248508721,50.0000000000184,384.568124045728));
#4151=CARTESIAN_POINT('Ctrl Pts',(339.067318279873,50.0000000000203,384.572257605097));
#4152=CARTESIAN_POINT('Ctrl Pts',(339.005705410548,50.0000000000219,384.575871464983));
#4153=CARTESIAN_POINT('Ctrl Pts',(338.940007836547,50.0000000000238,384.579724910373));
#4154=CARTESIAN_POINT('Ctrl Pts',(338.872397048183,50.0000000000253,384.582987428339));
#4155=CARTESIAN_POINT('Ctrl Pts',(338.8026888121,50.0000000000266,384.585573589813));
#4156=CARTESIAN_POINT('Ctrl Pts',(338.730992218922,50.0000000000279,384.588233518934));
#4157=CARTESIAN_POINT('Ctrl Pts',(338.657077185799,50.000000000029,384.59017812183));
#4158=CARTESIAN_POINT('Ctrl Pts',(338.580798079867,50.0000000000296,384.591339437797));
#4159=CARTESIAN_POINT('Ctrl Pts',(338.500955489889,50.0000000000303,384.592555006247));
#4160=CARTESIAN_POINT('Ctrl Pts',(338.418523124826,50.0000000000306,384.592912543261));
#4161=CARTESIAN_POINT('Ctrl Pts',(338.333387805995,50.0000000000305,384.592358710578));
#4162=CARTESIAN_POINT('Ctrl Pts',(338.243509361319,50.0000000000304,384.591774022334));
#4163=CARTESIAN_POINT('Ctrl Pts',(338.150618782964,50.0000000000298,384.590173752047));
#4164=CARTESIAN_POINT('Ctrl Pts',(338.054636054738,50.0000000000287,384.587519559444));
#4165=CARTESIAN_POINT('Ctrl Pts',(337.946540075794,50.0000000000274,384.584530401362));
#4166=CARTESIAN_POINT('Ctrl Pts',(337.834522491534,50.0000000000255,384.580204617414));
#4167=CARTESIAN_POINT('Ctrl Pts',(337.718530337334,50.0000000000229,384.574515918297));
#4168=CARTESIAN_POINT('Ctrl Pts',(337.579664962672,50.0000000000198,384.567705428917));
#4169=CARTESIAN_POINT('Ctrl Pts',(337.435104236535,50.0000000000157,384.558942040402));
#4170=CARTESIAN_POINT('Ctrl Pts',(337.284830203357,50.0000000000106,384.54821534573));
#4171=CARTESIAN_POINT('Ctrl Pts',(337.192064105373,50.0000000000075,384.541593618823));
#4172=CARTESIAN_POINT('Ctrl Pts',(337.097122177617,50.0000000000039,384.534224381634));
#4173=CARTESIAN_POINT('Ctrl Pts',(337.000005021691,50.,384.526107749186));
#4174=CARTESIAN_POINT('',(337.000005021691,56.,384.526107749186));
#4175=CARTESIAN_POINT('Ctrl Pts',(337.000005021691,56.,384.526107749186));
#4176=CARTESIAN_POINT('Ctrl Pts',(337.182958656594,56.0000000000074,384.541398223823));
#4177=CARTESIAN_POINT('Ctrl Pts',(337.358191198614,56.0000000000134,384.554035393838));
#4178=CARTESIAN_POINT('Ctrl Pts',(337.525703998092,56.000000000018,384.564021790677));
#4179=CARTESIAN_POINT('Ctrl Pts',(337.648340768978,56.0000000000215,384.571332870576));
#4180=CARTESIAN_POINT('Ctrl Pts',(337.766838531552,56.0000000000241,384.577222642345));
#4181=CARTESIAN_POINT('Ctrl Pts',(337.88122718016,56.0000000000261,384.581706594598));
#4182=CARTESIAN_POINT('Ctrl Pts',(337.983276258538,56.0000000000279,384.585706844627));
#4183=CARTESIAN_POINT('Ctrl Pts',(338.082054431935,56.0000000000291,384.588588008469));
#4184=CARTESIAN_POINT('Ctrl Pts',(338.177620396215,56.0000000000298,384.590378655206));
#4185=CARTESIAN_POINT('Ctrl Pts',(338.266716914203,56.0000000000305,384.592048082083));
#4186=CARTESIAN_POINT('Ctrl Pts',(338.353021078714,56.0000000000307,384.592769501949));
#4187=CARTESIAN_POINT('Ctrl Pts',(338.436620618848,56.0000000000305,384.592584613159));
#4188=CARTESIAN_POINT('Ctrl Pts',(338.515792546935,56.0000000000302,384.592409516478));
#4189=CARTESIAN_POINT('Ctrl Pts',(338.592538514314,56.0000000000296,384.591421468634));
#4190=CARTESIAN_POINT('Ctrl Pts',(338.666974295182,56.0000000000287,384.589674791485));
#4191=CARTESIAN_POINT('Ctrl Pts',(338.738086091275,56.0000000000278,384.588006113495));
#4192=CARTESIAN_POINT('Ctrl Pts',(338.80708919756,56.0000000000266,384.585644949171));
#4193=CARTESIAN_POINT('Ctrl Pts',(338.874126627381,56.0000000000252,384.582657864708));
#4194=CARTESIAN_POINT('Ctrl Pts',(338.938732332114,56.0000000000238,384.579779134164));
#4195=CARTESIAN_POINT('Ctrl Pts',(339.001512197203,56.0000000000221,384.576318987988));
#4196=CARTESIAN_POINT('Ctrl Pts',(339.062637158973,56.0000000000203,384.572356564959));
#4197=CARTESIAN_POINT('Ctrl Pts',(339.122123032335,56.0000000000185,384.568500395764));
#4198=CARTESIAN_POINT('Ctrl Pts',(339.180041397306,56.0000000000165,384.564168451952));
#4199=CARTESIAN_POINT('Ctrl Pts',(339.236593908752,56.0000000000144,384.559453736114));
#4200=CARTESIAN_POINT('Ctrl Pts',(339.29198755825,56.0000000000124,384.554835633223));
#4201=CARTESIAN_POINT('Ctrl Pts',(339.346070653834,56.0000000000102,384.54985024419));
#4202=CARTESIAN_POINT('Ctrl Pts',(339.399077523371,56.0000000000079,384.544605278892));
#4203=CARTESIAN_POINT('Ctrl Pts',(339.451114605211,56.0000000000056,384.539456272908));
#4204=CARTESIAN_POINT('Ctrl Pts',(339.502114384823,56.0000000000033,384.53405706408));
#4205=CARTESIAN_POINT('Ctrl Pts',(339.552343691171,56.000000000001,384.528529917359));
#4206=CARTESIAN_POINT('Ctrl Pts',(339.603384228508,55.9999999999986,384.522913504172));
#4207=CARTESIAN_POINT('Ctrl Pts',(339.653628914731,55.9999999999963,384.517164868711));
#4208=CARTESIAN_POINT('Ctrl Pts',(339.703408385378,55.9999999999939,384.511435046376));
#4209=CARTESIAN_POINT('Ctrl Pts',(339.757476325334,55.9999999999914,384.505211603541));
#4210=CARTESIAN_POINT('Ctrl Pts',(339.81099581206,55.9999999999889,384.49901065348));
#4211=CARTESIAN_POINT('Ctrl Pts',(339.864450712258,55.9999999999865,384.493051680625));
#4212=CARTESIAN_POINT('Ctrl Pts',(339.926224370984,55.9999999999838,384.486165360491));
#4213=CARTESIAN_POINT('Ctrl Pts',(339.987912524189,55.9999999999813,384.479602877088));
#4214=CARTESIAN_POINT('Ctrl Pts',(340.050331338118,55.9999999999791,384.473728779306));
#4215=CARTESIAN_POINT('Ctrl Pts',(340.129386305142,55.9999999999763,384.466289089616));
#4216=CARTESIAN_POINT('Ctrl Pts',(340.209616980513,55.999999999974,384.459956704472));
#4217=CARTESIAN_POINT('Ctrl Pts',(340.292752976518,55.9999999999725,384.45548117525));
#4218=CARTESIAN_POINT('Ctrl Pts',(340.361378306634,55.9999999999712,384.451786810774));
#4219=CARTESIAN_POINT('Ctrl Pts',(340.43198668306,55.9999999999705,384.449358937057));
#4220=CARTESIAN_POINT('Ctrl Pts',(340.505538547828,55.9999999999704,384.448594933545));
#4221=CARTESIAN_POINT('Ctrl Pts',(340.567690790604,55.9999999999703,384.447949341051));
#4222=CARTESIAN_POINT('Ctrl Pts',(340.631945511834,55.9999999999707,384.448491942023));
#4223=CARTESIAN_POINT('Ctrl Pts',(340.698851727388,55.9999999999716,384.45043698425));
#4224=CARTESIAN_POINT('Ctrl Pts',(340.75899364926,55.9999999999724,384.452185380518));
#4225=CARTESIAN_POINT('Ctrl Pts',(340.821278523974,55.9999999999736,384.455067152659));
#4226=CARTESIAN_POINT('Ctrl Pts',(340.886070637721,55.9999999999753,384.459213355668));
#4227=CARTESIAN_POINT('Ctrl Pts',(340.946539532031,55.9999999999768,384.46308290548));
#4228=CARTESIAN_POINT('Ctrl Pts',(341.009192567974,55.9999999999788,384.468053915077));
#4229=CARTESIAN_POINT('Ctrl Pts',(341.074288514036,55.9999999999811,384.474208110519));
#4230=CARTESIAN_POINT('Ctrl Pts',(341.136503192966,55.9999999999834,384.480089909873));
#4231=CARTESIAN_POINT('Ctrl Pts',(341.200949598261,55.999999999986,384.48705260755));
#4232=CARTESIAN_POINT('Ctrl Pts',(341.267813866392,55.9999999999889,384.495142088342));
#4233=CARTESIAN_POINT('Ctrl Pts',(341.334195681917,55.9999999999919,384.503173200274));
#4234=CARTESIAN_POINT('Ctrl Pts',(341.402960676583,55.9999999999951,384.512314924285));
#4235=CARTESIAN_POINT('Ctrl Pts',(341.474247195984,55.9999999999987,384.522584669488));
#4236=CARTESIAN_POINT('Ctrl Pts',(341.54550216911,56.0000000000024,384.532849870042));
#4237=CARTESIAN_POINT('Ctrl Pts',(341.619276444798,56.0000000000063,384.54424208367));
#4238=CARTESIAN_POINT('Ctrl Pts',(341.695663967306,56.0000000000106,384.556751193248));
#4239=CARTESIAN_POINT('Ctrl Pts',(341.772017536843,56.0000000000148,384.569254742737));
#4240=CARTESIAN_POINT('Ctrl Pts',(341.850982039603,56.0000000000194,384.582874185558));
#4241=CARTESIAN_POINT('Ctrl Pts',(341.93260697151,56.0000000000242,384.597572082727));
#4242=CARTESIAN_POINT('Ctrl Pts',(342.01490060456,56.0000000000291,384.612390390418));
#4243=CARTESIAN_POINT('Ctrl Pts',(342.099898469071,56.0000000000342,384.628304900418));
#4244=CARTESIAN_POINT('Ctrl Pts',(342.187605650594,56.0000000000395,384.645249336104));
#4245=CARTESIAN_POINT('Ctrl Pts',(342.277566338627,56.000000000045,384.662629134041));
#4246=CARTESIAN_POINT('Ctrl Pts',(342.370377237783,56.0000000000507,384.681092378655));
#4247=CARTESIAN_POINT('Ctrl Pts',(342.465996682046,56.0000000000565,384.700538913071));
#4248=CARTESIAN_POINT('Ctrl Pts',(342.56449675537,56.0000000000625,384.720571293312));
#4249=CARTESIAN_POINT('Ctrl Pts',(342.665977005553,56.0000000000687,384.741647002701));
#4250=CARTESIAN_POINT('Ctrl Pts',(342.770344423334,56.000000000075,384.763627935338));
#4251=CARTESIAN_POINT('Ctrl Pts',(342.878350657856,56.0000000000815,384.786375243032));
#4252=CARTESIAN_POINT('Ctrl Pts',(342.989448728404,56.000000000088,384.81009187678));
#4253=CARTESIAN_POINT('Ctrl Pts',(343.103487770739,56.0000000000945,384.834596231102));
#4254=CARTESIAN_POINT('Ctrl Pts',(343.220947055977,56.0000000001013,384.859835516569));
#4255=CARTESIAN_POINT('Ctrl Pts',(343.341526235251,56.000000000108,384.885910374035));
#4256=CARTESIAN_POINT('Ctrl Pts',(343.465013308037,56.0000000001145,384.9125945657));
#4257=CARTESIAN_POINT('Ctrl Pts',(343.594611579591,56.0000000001214,384.940599319878));
#4258=CARTESIAN_POINT('Ctrl Pts',(343.727412681067,56.0000000001281,384.969275170303));
#4259=CARTESIAN_POINT('Ctrl Pts',(343.863121062008,56.0000000001345,384.998331375532));
#4260=CARTESIAN_POINT('Ctrl Pts',(344.00445969994,56.0000000001411,385.028593061968));
#4261=CARTESIAN_POINT('Ctrl Pts',(344.148951710022,56.0000000001475,385.059267179185));
#4262=CARTESIAN_POINT('Ctrl Pts',(344.296210947213,56.0000000001533,385.089995773229));
#4263=CARTESIAN_POINT('Ctrl Pts',(344.45213946639,56.0000000001594,385.122533386876));
#4264=CARTESIAN_POINT('Ctrl Pts',(344.611170400373,56.0000000001651,385.155131863925));
#4265=CARTESIAN_POINT('Ctrl Pts',(344.772790298312,56.0000000001699,385.187336332801));
#4266=CARTESIAN_POINT('Ctrl Pts',(344.948037867224,56.0000000001752,385.222256258816));
#4267=CARTESIAN_POINT('Ctrl Pts',(345.12632906051,56.0000000001796,385.256712570689));
#4268=CARTESIAN_POINT('Ctrl Pts',(345.306950626047,56.0000000001828,385.29009562994));
#4269=CARTESIAN_POINT('Ctrl Pts',(345.511634779991,56.0000000001865,385.32792601425));
#4270=CARTESIAN_POINT('Ctrl Pts',(345.719310943996,56.0000000001888,385.364377400221));
#4271=CARTESIAN_POINT('Ctrl Pts',(345.928875772871,56.0000000001894,385.398534385148));
#4272=CARTESIAN_POINT('Ctrl Pts',(346.205126011934,56.0000000001901,385.443560429366));
#4273=CARTESIAN_POINT('Ctrl Pts',(346.484656352998,56.0000000001878,385.484596434102));
#4274=CARTESIAN_POINT('Ctrl Pts',(346.764845694186,56.000000000182,385.519527903309));
#4275=CARTESIAN_POINT('Ctrl Pts',(347.005211578197,56.0000000001771,385.549494544582));
#4276=CARTESIAN_POINT('Ctrl Pts',(347.246057571133,56.0000000001696,385.574966107029));
#4277=CARTESIAN_POINT('Ctrl Pts',(347.485730192697,56.0000000001593,385.59463989247));
#4278=CARTESIAN_POINT('Ctrl Pts',(347.674751403457,56.0000000001512,385.610155902267));
#4279=CARTESIAN_POINT('Ctrl Pts',(347.863042112497,56.0000000001414,385.622065833968));
#4280=CARTESIAN_POINT('Ctrl Pts',(348.049818154806,56.0000000001299,385.629762151263));
#4281=CARTESIAN_POINT('Ctrl Pts',(348.22076821434,56.0000000001194,385.636806341103));
#4282=CARTESIAN_POINT('Ctrl Pts',(348.390448970817,56.0000000001074,385.640320537644));
#4283=CARTESIAN_POINT('Ctrl Pts',(348.558291580044,56.0000000000941,385.6398698157));
#4284=CARTESIAN_POINT('Ctrl Pts',(348.717539082191,56.0000000000814,385.639442174924));
#4285=CARTESIAN_POINT('Ctrl Pts',(348.875131620648,56.0000000000676,385.635445178275));
#4286=CARTESIAN_POINT('Ctrl Pts',(349.030618806337,56.0000000000525,385.627538727021));
#4287=CARTESIAN_POINT('Ctrl Pts',(349.179938841588,56.0000000000381,385.619945872505));
#4288=CARTESIAN_POINT('Ctrl Pts',(349.327317025972,56.0000000000226,385.608747437484));
#4289=CARTESIAN_POINT('Ctrl Pts',(349.472391262688,56.0000000000063,385.593673508909));
#4290=CARTESIAN_POINT('Ctrl Pts',(349.613785989279,55.9999999999903,385.57898189958));
#4291=CARTESIAN_POINT('Ctrl Pts',(349.752991963876,55.9999999999735,385.560608780086));
#4292=CARTESIAN_POINT('Ctrl Pts',(349.889712646427,55.9999999999559,385.538336310637));
#4293=CARTESIAN_POINT('Ctrl Pts',(350.028909153548,55.9999999999381,385.515660517227));
#4294=CARTESIAN_POINT('Ctrl Pts',(350.165529627559,55.9999999999195,385.488942956538));
#4295=CARTESIAN_POINT('Ctrl Pts',(350.299303147986,55.9999999999005,385.45798806155));
#4296=CARTESIAN_POINT('Ctrl Pts',(350.438457648858,55.9999999998807,385.42578801966));
#4297=CARTESIAN_POINT('Ctrl Pts',(350.574531565748,55.9999999998603,385.389002924868));
#4298=CARTESIAN_POINT('Ctrl Pts',(350.707264328327,55.9999999998397,385.347448632798));
#4299=CARTESIAN_POINT('Ctrl Pts',(350.843384361742,55.9999999998186,385.304833896877));
#4300=CARTESIAN_POINT('Ctrl Pts',(350.975990688985,55.9999999997973,385.257203589581));
#4301=CARTESIAN_POINT('Ctrl Pts',(351.104846591525,55.9999999997761,385.204394722125));
#4302=CARTESIAN_POINT('Ctrl Pts',(351.236739156633,55.9999999997544,385.150341342715));
#4303=CARTESIAN_POINT('Ctrl Pts',(351.364702547475,55.9999999997328,385.090862554448));
#4304=CARTESIAN_POINT('Ctrl Pts',(351.488526762385,55.9999999997117,385.025818434384));
#4305=CARTESIAN_POINT('Ctrl Pts',(351.615605761771,55.9999999996901,384.959064595487));
#4306=CARTESIAN_POINT('Ctrl Pts',(351.738325235116,55.9999999996691,384.886449123977));
#4307=CARTESIAN_POINT('Ctrl Pts',(351.856502256959,55.9999999996492,384.807855362337));
#4308=CARTESIAN_POINT('Ctrl Pts',(351.978354317999,55.9999999996286,384.726817511736));
#4309=CARTESIAN_POINT('Ctrl Pts',(352.095377143096,55.9999999996092,384.639423906795));
#4310=CARTESIAN_POINT('Ctrl Pts',(352.207414690355,55.9999999995915,384.545581012663));
#4311=CARTESIAN_POINT('Ctrl Pts',(352.323691967173,55.999999999573,384.448186911797));
#4312=CARTESIAN_POINT('Ctrl Pts',(352.434599689374,55.9999999995565,384.343846354202));
#4313=CARTESIAN_POINT('Ctrl Pts',(352.540008350464,55.9999999995423,384.232488798904));
#4314=CARTESIAN_POINT('Ctrl Pts',(352.653277550167,55.9999999995271,384.112827083832));
#4315=CARTESIAN_POINT('Ctrl Pts',(352.760196980959,55.9999999995147,383.985062903036));
#4316=CARTESIAN_POINT('Ctrl Pts',(352.860655741799,55.9999999995058,383.849145419905));
#4317=CARTESIAN_POINT('Ctrl Pts',(352.96675910324,55.9999999994965,383.705590973105));
#4318=CARTESIAN_POINT('Ctrl Pts',(353.06565564756,55.9999999994911,383.552941552315));
#4319=CARTESIAN_POINT('Ctrl Pts',(353.157265614585,55.9999999994906,383.391173281982));
#4320=CARTESIAN_POINT('Ctrl Pts',(353.255828232332,55.99999999949,383.217127763681));
#4321=CARTESIAN_POINT('Ctrl Pts',(353.34595666945,55.9999999994951,383.032527189992));
#4322=CARTESIAN_POINT('Ctrl Pts',(353.427604042767,55.9999999995066,382.837376618076));
#4323=CARTESIAN_POINT('Ctrl Pts',(353.520285416359,55.9999999995197,382.615852981398));
#4324=CARTESIAN_POINT('Ctrl Pts',(353.602039082014,55.9999999995413,382.380735950196));
#4325=CARTESIAN_POINT('Ctrl Pts',(353.672854995839,55.9999999995724,382.132066657208));
#4326=CARTESIAN_POINT('Ctrl Pts',(353.762116126093,55.9999999996116,381.818627192086));
#4327=CARTESIAN_POINT('Ctrl Pts',(353.834001890054,55.9999999996661,381.483659426356));
#4328=CARTESIAN_POINT('Ctrl Pts',(353.888560920604,55.9999999997373,381.12726599382));
#4329=CARTESIAN_POINT('Ctrl Pts',(353.934314668474,55.9999999997971,380.828390902185));
#4330=CARTESIAN_POINT('Ctrl Pts',(353.96788630401,55.9999999998685,380.514449789575));
#4331=CARTESIAN_POINT('Ctrl Pts',(353.989300651625,55.9999999999521,380.185477390079));
#4332=CARTESIAN_POINT('Ctrl Pts',(353.993291075241,55.9999999999676,380.124175535107));
#4333=CARTESIAN_POINT('Ctrl Pts',(353.996859273247,55.9999999999836,380.062351613672));
#4334=CARTESIAN_POINT('Ctrl Pts',(354.000005275011,56.,380.000005662441));
#4335=CARTESIAN_POINT('',(337.000005021691,50.,384.526107749186));
#4336=CARTESIAN_POINT('Origin',(183.378874830715,50.,384.526107749186));
#4337=CARTESIAN_POINT('',(183.378874830715,50.,384.526107749186));
#4338=CARTESIAN_POINT('',(337.000005021691,50.,384.526107749186));
#4339=CARTESIAN_POINT('',(183.378874830715,56.,384.526107749186));
#4340=CARTESIAN_POINT('',(337.000005021691,56.,384.526107749186));
#4341=CARTESIAN_POINT('',(183.378874830715,50.,384.526107749186));
#4342=CARTESIAN_POINT('Origin',(347.000005170703,50.,21.0000003129244));
#4343=CARTESIAN_POINT('',(2.46760252639838,50.,20.1372142156665));
#4344=CARTESIAN_POINT('',(2.46760252639838,50.,20.1372142156665));
#4345=CARTESIAN_POINT('',(2.46760252639838,56.,20.1372142156665));
#4346=CARTESIAN_POINT('',(2.46760252639838,50.,20.1372142156665));
#4347=CARTESIAN_POINT('',(2.46760252639838,56.,20.1372142156665));
#4348=UNCERTAINTY_MEASURE_WITH_UNIT(LENGTH_MEASURE(0.01),#4352,
'DISTANCE_ACCURACY_VALUE',
'Maximum model space distance between geometric entities at asserted c
onnectivities');
#4349=UNCERTAINTY_MEASURE_WITH_UNIT(LENGTH_MEASURE(0.01),#4352,
'DISTANCE_ACCURACY_VALUE',
'Maximum model space distance between geometric entities at asserted c
onnectivities');
#4350=(
GEOMETRIC_REPRESENTATION_CONTEXT(3)
GLOBAL_UNCERTAINTY_ASSIGNED_CONTEXT((#4348))
GLOBAL_UNIT_ASSIGNED_CONTEXT((#4352,#4354,#4355))
REPRESENTATION_CONTEXT('','3D')
);
#4351=(
GEOMETRIC_REPRESENTATION_CONTEXT(3)
GLOBAL_UNCERTAINTY_ASSIGNED_CONTEXT((#4349))
GLOBAL_UNIT_ASSIGNED_CONTEXT((#4352,#4354,#4355))
REPRESENTATION_CONTEXT('','3D')
);
#4352=(
LENGTH_UNIT()
NAMED_UNIT(*)
SI_UNIT(.MILLI.,.METRE.)
);
#4353=(
LENGTH_UNIT()
NAMED_UNIT(*)
SI_UNIT($,.METRE.)
);
#4354=(
NAMED_UNIT(*)
PLANE_ANGLE_UNIT()
SI_UNIT($,.RADIAN.)
);
#4355=(
NAMED_UNIT(*)
SI_UNIT($,.STERADIAN.)
SOLID_ANGLE_UNIT()
);
#4356=SHAPE_DEFINITION_REPRESENTATION(#4357,#4358);
#4357=PRODUCT_DEFINITION_SHAPE('',$,#4360);
#4358=SHAPE_REPRESENTATION('',(#2158,#20),#4350);
#4359=PRODUCT_DEFINITION_CONTEXT('part definition',#4364,'design');
#4360=PRODUCT_DEFINITION('2026-09-22-01-13-54-061',
'Snakes And Ladders Player Final',#4361,#4359);
#4361=PRODUCT_DEFINITION_FORMATION('',$,#4366);
#4362=PRODUCT_RELATED_PRODUCT_CATEGORY(
'Snakes And Ladders Player Final','Snakes And Ladders Player Final',(#4366));
#4363=APPLICATION_PROTOCOL_DEFINITION('international standard',
'automotive_design',2009,#4364);
#4364=APPLICATION_CONTEXT(
'Core Data for Automotive Mechanical Design Process');
#4365=PRODUCT_CONTEXT('part definition',#4364,'mechanical');
#4366=PRODUCT('2026-09-22-01-13-54-061',
'Snakes And Ladders Player Final',$,(#4365));
#4367=PRESENTATION_STYLE_ASSIGNMENT((#4370));
#4368=PRESENTATION_STYLE_ASSIGNMENT((#4371));
#4369=PRESENTATION_STYLE_ASSIGNMENT((#4372));
#4370=SURFACE_STYLE_USAGE(.BOTH.,#4373);
#4371=SURFACE_STYLE_USAGE(.BOTH.,#4374);
#4372=SURFACE_STYLE_USAGE(.BOTH.,#4375);
#4373=SURFACE_SIDE_STYLE('',(#4376));
#4374=SURFACE_SIDE_STYLE('',(#4377));
#4375=SURFACE_SIDE_STYLE('',(#4378));
#4376=SURFACE_STYLE_FILL_AREA(#4379);
#4377=SURFACE_STYLE_FILL_AREA(#4380);
#4378=SURFACE_STYLE_FILL_AREA(#4381);
#4379=FILL_AREA_STYLE('Steel - Satin',(#4382));
#4380=FILL_AREA_STYLE(
'EPX 150 - Air Baked (with Carbon M2 M3 L1 3D Printers)',(#4383));
#4381=FILL_AREA_STYLE('Aluminum - Polished',(#4384));
#4382=FILL_AREA_STYLE_COLOUR('Steel - Satin',#4385);
#4383=FILL_AREA_STYLE_COLOUR(
'EPX 150 - Air Baked (with Carbon M2 M3 L1 3D Printers)',#4386);
#4384=FILL_AREA_STYLE_COLOUR('Aluminum - Polished',#4387);
#4385=COLOUR_RGB('Steel - Satin',0.627450980392157,0.627450980392157,0.627450980392157);
#4386=COLOUR_RGB(
'EPX 150 - Air Baked (with Carbon M2 M3 L1 3D Printers)',0.247058823529412,
0.247058823529412,0.247058823529412);
#4387=COLOUR_RGB('Aluminum - Polished',0.96078431372549,0.96078431372549,
0.964705882352941);
ENDSEC;
END-ISO-10303-21;
